# Nx Ny Nz: 18 20 15
35.361111111111114 15.0 0.49994011078027056
35.361111111111114 15.0 1.5198846843952143
35.361111111111114 15.0 2.6008275670720282
35.361111111111114 15.0 3.786150792140422
35.361111111111114 15.0 5.1234255425745205
35.361111111111114 15.0 6.666321349599367
35.361111111111114 15.0 8.476760039425491
35.361111111111114 15.0 10.62740087355701
35.361111111111114 15.0 13.204556620079774
35.361111111111114 15.0 16.31165758810932
35.361111111111114 15.0 20.07340264926414
35.361111111111114 15.0 24.64076384123113
35.361111111111114 15.0 30.197045405736844
35.361111111111114 15.0 36.965240431392644
35.361111111111114 15.0 45.21698034932272
35.361111111111114 65.0 0.49994011078027056
35.361111111111114 65.0 1.5198846843952143
35.361111111111114 65.0 2.6008275670720282
35.361111111111114 65.0 3.786150792140422
35.361111111111114 65.0 5.1234255425745205
35.361111111111114 65.0 6.666321349599367
35.361111111111114 65.0 8.476760039425491
35.361111111111114 65.0 10.62740087355701
35.361111111111114 65.0 13.204556620079774
35.361111111111114 65.0 16.31165758810932
35.361111111111114 65.0 20.07340264926414
35.361111111111114 65.0 24.64076384123113
35.361111111111114 65.0 30.197045405736844
35.361111111111114 65.0 36.965240431392644
35.361111111111114 65.0 45.21698034932272
35.361111111111114 115.0 0.49994011078027056
35.361111111111114 115.0 1.5198846843952143
35.361111111111114 115.0 2.6008275670720282
35.361111111111114 115.0 3.786150792140422
35.361111111111114 115.0 5.1234255425745205
35.361111111111114 115.0 6.666321349599367
35.361111111111114 115.0 8.476760039425491
35.361111111111114 115.0 10.62740087355701
35.361111111111114 115.0 13.204556620079774
35.361111111111114 115.0 16.31165758810932
35.361111111111114 115.0 20.07340264926414
35.361111111111114 115.0 24.64076384123113
35.361111111111114 115.0 30.197045405736844
35.361111111111114 115.0 36.965240431392644
35.361111111111114 115.0 45.21698034932272
35.361111111111114 165.0 0.49994011078027056
35.361111111111114 165.0 1.5198846843952143
35.361111111111114 165.0 2.6008275670720282
35.361111111111114 165.0 3.786150792140422
35.361111111111114 165.0 5.1234255425745205
35.361111111111114 165.0 6.666321349599367
35.361111111111114 165.0 8.476760039425491
35.361111111111114 165.0 10.62740087355701
35.361111111111114 165.0 13.204556620079774
35.361111111111114 165.0 16.31165758810932
35.361111111111114 165.0 20.07340264926414
35.361111111111114 165.0 24.64076384123113
35.361111111111114 165.0 30.197045405736844
35.361111111111114 165.0 36.965240431392644
35.361111111111114 165.0 45.21698034932272
35.361111111111114 215.0 0.49994011078027056
35.361111111111114 215.0 1.5198846843952143
35.361111111111114 215.0 2.6008275670720282
35.361111111111114 215.0 3.786150792140422
35.361111111111114 215.0 5.1234255425745205
35.361111111111114 215.0 6.666321349599367
35.361111111111114 215.0 8.476760039425491
35.361111111111114 215.0 10.62740087355701
35.361111111111114 215.0 13.204556620079774
35.361111111111114 215.0 16.31165758810932
35.361111111111114 215.0 20.07340264926414
35.361111111111114 215.0 24.64076384123113
35.361111111111114 215.0 30.197045405736844
35.361111111111114 215.0 36.965240431392644
35.361111111111114 215.0 45.21698034932272
35.361111111111114 265.0 0.49994011078027056
35.361111111111114 265.0 1.5198846843952143
35.361111111111114 265.0 2.6008275670720282
35.361111111111114 265.0 3.786150792140422
35.361111111111114 265.0 5.1234255425745205
35.361111111111114 265.0 6.666321349599367
35.361111111111114 265.0 8.476760039425491
35.361111111111114 265.0 10.62740087355701
35.361111111111114 265.0 13.204556620079774
35.361111111111114 265.0 16.31165758810932
35.361111111111114 265.0 20.07340264926414
35.361111111111114 265.0 24.64076384123113
35.361111111111114 265.0 30.197045405736844
35.361111111111114 265.0 36.965240431392644
35.361111111111114 265.0 45.21698034932272
35.361111111111114 315.0 0.49994011078027056
35.361111111111114 315.0 1.5198846843952143
35.361111111111114 315.0 2.6008275670720282
35.361111111111114 315.0 3.786150792140422
35.361111111111114 315.0 5.1234255425745205
35.361111111111114 315.0 6.666321349599367
35.361111111111114 315.0 8.476760039425491
35.361111111111114 315.0 10.62740087355701
35.361111111111114 315.0 13.204556620079774
35.361111111111114 315.0 16.31165758810932
35.361111111111114 315.0 20.07340264926414
35.361111111111114 315.0 24.64076384123113
35.361111111111114 315.0 30.197045405736844
35.361111111111114 315.0 36.965240431392644
35.361111111111114 315.0 45.21698034932272
35.361111111111114 365.0 0.49994011078027056
35.361111111111114 365.0 1.5198846843952143
35.361111111111114 365.0 2.6008275670720282
35.361111111111114 365.0 3.786150792140422
35.361111111111114 365.0 5.1234255425745205
35.361111111111114 365.0 6.666321349599367
35.361111111111114 365.0 8.476760039425491
35.361111111111114 365.0 10.62740087355701
35.361111111111114 365.0 13.204556620079774
35.361111111111114 365.0 16.31165758810932
35.361111111111114 365.0 20.07340264926414
35.361111111111114 365.0 24.64076384123113
35.361111111111114 365.0 30.197045405736844
35.361111111111114 365.0 36.965240431392644
35.361111111111114 365.0 45.21698034932272
35.361111111111114 415.0 0.49994011078027056
35.361111111111114 415.0 1.5198846843952143
35.361111111111114 415.0 2.6008275670720282
35.361111111111114 415.0 3.786150792140422
35.361111111111114 415.0 5.1234255425745205
35.361111111111114 415.0 6.666321349599367
35.361111111111114 415.0 8.476760039425491
35.361111111111114 415.0 10.62740087355701
35.361111111111114 415.0 13.204556620079774
35.361111111111114 415.0 16.31165758810932
35.361111111111114 415.0 20.07340264926414
35.361111111111114 415.0 24.64076384123113
35.361111111111114 415.0 30.197045405736844
35.361111111111114 415.0 36.965240431392644
35.361111111111114 415.0 45.21698034932272
35.361111111111114 465.0 0.49994011078027056
35.361111111111114 465.0 1.5198846843952143
35.361111111111114 465.0 2.6008275670720282
35.361111111111114 465.0 3.786150792140422
35.361111111111114 465.0 5.1234255425745205
35.361111111111114 465.0 6.666321349599367
35.361111111111114 465.0 8.476760039425491
35.361111111111114 465.0 10.62740087355701
35.361111111111114 465.0 13.204556620079774
35.361111111111114 465.0 16.31165758810932
35.361111111111114 465.0 20.07340264926414
35.361111111111114 465.0 24.64076384123113
35.361111111111114 465.0 30.197045405736844
35.361111111111114 465.0 36.965240431392644
35.361111111111114 465.0 45.21698034932272
35.361111111111114 515.0 0.49994011078027056
35.361111111111114 515.0 1.5198846843952143
35.361111111111114 515.0 2.6008275670720282
35.361111111111114 515.0 3.786150792140422
35.361111111111114 515.0 5.1234255425745205
35.361111111111114 515.0 6.666321349599367
35.361111111111114 515.0 8.476760039425491
35.361111111111114 515.0 10.62740087355701
35.361111111111114 515.0 13.204556620079774
35.361111111111114 515.0 16.31165758810932
35.361111111111114 515.0 20.07340264926414
35.361111111111114 515.0 24.64076384123113
35.361111111111114 515.0 30.197045405736844
35.361111111111114 515.0 36.965240431392644
35.361111111111114 515.0 45.21698034932272
35.361111111111114 565.0 0.49994011078027056
35.361111111111114 565.0 1.5198846843952143
35.361111111111114 565.0 2.6008275670720282
35.361111111111114 565.0 3.786150792140422
35.361111111111114 565.0 5.1234255425745205
35.361111111111114 565.0 6.666321349599367
35.361111111111114 565.0 8.476760039425491
35.361111111111114 565.0 10.62740087355701
35.361111111111114 565.0 13.204556620079774
35.361111111111114 565.0 16.31165758810932
35.361111111111114 565.0 20.07340264926414
35.361111111111114 565.0 24.64076384123113
35.361111111111114 565.0 30.197045405736844
35.361111111111114 565.0 36.965240431392644
35.361111111111114 565.0 45.21698034932272
35.361111111111114 615.0 0.49994011078027056
35.361111111111114 615.0 1.5198846843952143
35.361111111111114 615.0 2.6008275670720282
35.361111111111114 615.0 3.786150792140422
35.361111111111114 615.0 5.1234255425745205
35.361111111111114 615.0 6.666321349599367
35.361111111111114 615.0 8.476760039425491
35.361111111111114 615.0 10.62740087355701
35.361111111111114 615.0 13.204556620079774
35.361111111111114 615.0 16.31165758810932
35.361111111111114 615.0 20.07340264926414
35.361111111111114 615.0 24.64076384123113
35.361111111111114 615.0 30.197045405736844
35.361111111111114 615.0 36.965240431392644
35.361111111111114 615.0 45.21698034932272
35.361111111111114 665.0 0.49994011078027056
35.361111111111114 665.0 1.5198846843952143
35.361111111111114 665.0 2.6008275670720282
35.361111111111114 665.0 3.786150792140422
35.361111111111114 665.0 5.1234255425745205
35.361111111111114 665.0 6.666321349599367
35.361111111111114 665.0 8.476760039425491
35.361111111111114 665.0 10.62740087355701
35.361111111111114 665.0 13.204556620079774
35.361111111111114 665.0 16.31165758810932
35.361111111111114 665.0 20.07340264926414
35.361111111111114 665.0 24.64076384123113
35.361111111111114 665.0 30.197045405736844
35.361111111111114 665.0 36.965240431392644
35.361111111111114 665.0 45.21698034932272
35.361111111111114 715.0 0.49994011078027056
35.361111111111114 715.0 1.5198846843952143
35.361111111111114 715.0 2.6008275670720282
35.361111111111114 715.0 3.786150792140422
35.361111111111114 715.0 5.1234255425745205
35.361111111111114 715.0 6.666321349599367
35.361111111111114 715.0 8.476760039425491
35.361111111111114 715.0 10.62740087355701
35.361111111111114 715.0 13.204556620079774
35.361111111111114 715.0 16.31165758810932
35.361111111111114 715.0 20.07340264926414
35.361111111111114 715.0 24.64076384123113
35.361111111111114 715.0 30.197045405736844
35.361111111111114 715.0 36.965240431392644
35.361111111111114 715.0 45.21698034932272
35.361111111111114 765.0 0.49994011078027056
35.361111111111114 765.0 1.5198846843952143
35.361111111111114 765.0 2.6008275670720282
35.361111111111114 765.0 3.786150792140422
35.361111111111114 765.0 5.1234255425745205
35.361111111111114 765.0 6.666321349599367
35.361111111111114 765.0 8.476760039425491
35.361111111111114 765.0 10.62740087355701
35.361111111111114 765.0 13.204556620079774
35.361111111111114 765.0 16.31165758810932
35.361111111111114 765.0 20.07340264926414
35.361111111111114 765.0 24.64076384123113
35.361111111111114 765.0 30.197045405736844
35.361111111111114 765.0 36.965240431392644
35.361111111111114 765.0 45.21698034932272
35.361111111111114 815.0 0.49994011078027056
35.361111111111114 815.0 1.5198846843952143
35.361111111111114 815.0 2.6008275670720282
35.361111111111114 815.0 3.786150792140422
35.361111111111114 815.0 5.1234255425745205
35.361111111111114 815.0 6.666321349599367
35.361111111111114 815.0 8.476760039425491
35.361111111111114 815.0 10.62740087355701
35.361111111111114 815.0 13.204556620079774
35.361111111111114 815.0 16.31165758810932
35.361111111111114 815.0 20.07340264926414
35.361111111111114 815.0 24.64076384123113
35.361111111111114 815.0 30.197045405736844
35.361111111111114 815.0 36.965240431392644
35.361111111111114 815.0 45.21698034932272
35.361111111111114 865.0 0.49994011078027056
35.361111111111114 865.0 1.5198846843952143
35.361111111111114 865.0 2.6008275670720282
35.361111111111114 865.0 3.786150792140422
35.361111111111114 865.0 5.1234255425745205
35.361111111111114 865.0 6.666321349599367
35.361111111111114 865.0 8.476760039425491
35.361111111111114 865.0 10.62740087355701
35.361111111111114 865.0 13.204556620079774
35.361111111111114 865.0 16.31165758810932
35.361111111111114 865.0 20.07340264926414
35.361111111111114 865.0 24.64076384123113
35.361111111111114 865.0 30.197045405736844
35.361111111111114 865.0 36.965240431392644
35.361111111111114 865.0 45.21698034932272
35.361111111111114 915.0 0.49994011078027056
35.361111111111114 915.0 1.5198846843952143
35.361111111111114 915.0 2.6008275670720282
35.361111111111114 915.0 3.786150792140422
35.361111111111114 915.0 5.1234255425745205
35.361111111111114 915.0 6.666321349599367
35.361111111111114 915.0 8.476760039425491
35.361111111111114 915.0 10.62740087355701
35.361111111111114 915.0 13.204556620079774
35.361111111111114 915.0 16.31165758810932
35.361111111111114 915.0 20.07340264926414
35.361111111111114 915.0 24.64076384123113
35.361111111111114 915.0 30.197045405736844
35.361111111111114 915.0 36.965240431392644
35.361111111111114 915.0 45.21698034932272
35.361111111111114 965.0 0.49994011078027056
35.361111111111114 965.0 1.5198846843952143
35.361111111111114 965.0 2.6008275670720282
35.361111111111114 965.0 3.786150792140422
35.361111111111114 965.0 5.1234255425745205
35.361111111111114 965.0 6.666321349599367
35.361111111111114 965.0 8.476760039425491
35.361111111111114 965.0 10.62740087355701
35.361111111111114 965.0 13.204556620079774
35.361111111111114 965.0 16.31165758810932
35.361111111111114 965.0 20.07340264926414
35.361111111111114 965.0 24.64076384123113
35.361111111111114 965.0 30.197045405736844
35.361111111111114 965.0 36.965240431392644
35.361111111111114 965.0 45.21698034932272
86.08333333333333 15.0 0.49994011078027056
86.08333333333333 15.0 1.5198846843952143
86.08333333333333 15.0 2.6008275670720282
86.08333333333333 15.0 3.786150792140422
86.08333333333333 15.0 5.1234255425745205
86.08333333333333 15.0 6.666321349599367
86.08333333333333 15.0 8.476760039425491
86.08333333333333 15.0 10.62740087355701
86.08333333333333 15.0 13.204556620079774
86.08333333333333 15.0 16.31165758810932
86.08333333333333 15.0 20.07340264926414
86.08333333333333 15.0 24.64076384123113
86.08333333333333 15.0 30.197045405736844
86.08333333333333 15.0 36.965240431392644
86.08333333333333 15.0 45.21698034932272
86.08333333333333 65.0 0.49994011078027056
86.08333333333333 65.0 1.5198846843952143
86.08333333333333 65.0 2.6008275670720282
86.08333333333333 65.0 3.786150792140422
86.08333333333333 65.0 5.1234255425745205
86.08333333333333 65.0 6.666321349599367
86.08333333333333 65.0 8.476760039425491
86.08333333333333 65.0 10.62740087355701
86.08333333333333 65.0 13.204556620079774
86.08333333333333 65.0 16.31165758810932
86.08333333333333 65.0 20.07340264926414
86.08333333333333 65.0 24.64076384123113
86.08333333333333 65.0 30.197045405736844
86.08333333333333 65.0 36.965240431392644
86.08333333333333 65.0 45.21698034932272
86.08333333333333 115.0 0.49994011078027056
86.08333333333333 115.0 1.5198846843952143
86.08333333333333 115.0 2.6008275670720282
86.08333333333333 115.0 3.786150792140422
86.08333333333333 115.0 5.1234255425745205
86.08333333333333 115.0 6.666321349599367
86.08333333333333 115.0 8.476760039425491
86.08333333333333 115.0 10.62740087355701
86.08333333333333 115.0 13.204556620079774
86.08333333333333 115.0 16.31165758810932
86.08333333333333 115.0 20.07340264926414
86.08333333333333 115.0 24.64076384123113
86.08333333333333 115.0 30.197045405736844
86.08333333333333 115.0 36.965240431392644
86.08333333333333 115.0 45.21698034932272
86.08333333333333 165.0 0.49994011078027056
86.08333333333333 165.0 1.5198846843952143
86.08333333333333 165.0 2.6008275670720282
86.08333333333333 165.0 3.786150792140422
86.08333333333333 165.0 5.1234255425745205
86.08333333333333 165.0 6.666321349599367
86.08333333333333 165.0 8.476760039425491
86.08333333333333 165.0 10.62740087355701
86.08333333333333 165.0 13.204556620079774
86.08333333333333 165.0 16.31165758810932
86.08333333333333 165.0 20.07340264926414
86.08333333333333 165.0 24.64076384123113
86.08333333333333 165.0 30.197045405736844
86.08333333333333 165.0 36.965240431392644
86.08333333333333 165.0 45.21698034932272
86.08333333333333 215.0 0.49994011078027056
86.08333333333333 215.0 1.5198846843952143
86.08333333333333 215.0 2.6008275670720282
86.08333333333333 215.0 3.786150792140422
86.08333333333333 215.0 5.1234255425745205
86.08333333333333 215.0 6.666321349599367
86.08333333333333 215.0 8.476760039425491
86.08333333333333 215.0 10.62740087355701
86.08333333333333 215.0 13.204556620079774
86.08333333333333 215.0 16.31165758810932
86.08333333333333 215.0 20.07340264926414
86.08333333333333 215.0 24.64076384123113
86.08333333333333 215.0 30.197045405736844
86.08333333333333 215.0 36.965240431392644
86.08333333333333 215.0 45.21698034932272
86.08333333333333 265.0 0.49994011078027056
86.08333333333333 265.0 1.5198846843952143
86.08333333333333 265.0 2.6008275670720282
86.08333333333333 265.0 3.786150792140422
86.08333333333333 265.0 5.1234255425745205
86.08333333333333 265.0 6.666321349599367
86.08333333333333 265.0 8.476760039425491
86.08333333333333 265.0 10.62740087355701
86.08333333333333 265.0 13.204556620079774
86.08333333333333 265.0 16.31165758810932
86.08333333333333 265.0 20.07340264926414
86.08333333333333 265.0 24.64076384123113
86.08333333333333 265.0 30.197045405736844
86.08333333333333 265.0 36.965240431392644
86.08333333333333 265.0 45.21698034932272
86.08333333333333 315.0 0.49994011078027056
86.08333333333333 315.0 1.5198846843952143
86.08333333333333 315.0 2.6008275670720282
86.08333333333333 315.0 3.786150792140422
86.08333333333333 315.0 5.1234255425745205
86.08333333333333 315.0 6.666321349599367
86.08333333333333 315.0 8.476760039425491
86.08333333333333 315.0 10.62740087355701
86.08333333333333 315.0 13.204556620079774
86.08333333333333 315.0 16.31165758810932
86.08333333333333 315.0 20.07340264926414
86.08333333333333 315.0 24.64076384123113
86.08333333333333 315.0 30.197045405736844
86.08333333333333 315.0 36.965240431392644
86.08333333333333 315.0 45.21698034932272
86.08333333333333 365.0 0.49994011078027056
86.08333333333333 365.0 1.5198846843952143
86.08333333333333 365.0 2.6008275670720282
86.08333333333333 365.0 3.786150792140422
86.08333333333333 365.0 5.1234255425745205
86.08333333333333 365.0 6.666321349599367
86.08333333333333 365.0 8.476760039425491
86.08333333333333 365.0 10.62740087355701
86.08333333333333 365.0 13.204556620079774
86.08333333333333 365.0 16.31165758810932
86.08333333333333 365.0 20.07340264926414
86.08333333333333 365.0 24.64076384123113
86.08333333333333 365.0 30.197045405736844
86.08333333333333 365.0 36.965240431392644
86.08333333333333 365.0 45.21698034932272
86.08333333333333 415.0 0.49994011078027056
86.08333333333333 415.0 1.5198846843952143
86.08333333333333 415.0 2.6008275670720282
86.08333333333333 415.0 3.786150792140422
86.08333333333333 415.0 5.1234255425745205
86.08333333333333 415.0 6.666321349599367
86.08333333333333 415.0 8.476760039425491
86.08333333333333 415.0 10.62740087355701
86.08333333333333 415.0 13.204556620079774
86.08333333333333 415.0 16.31165758810932
86.08333333333333 415.0 20.07340264926414
86.08333333333333 415.0 24.64076384123113
86.08333333333333 415.0 30.197045405736844
86.08333333333333 415.0 36.965240431392644
86.08333333333333 415.0 45.21698034932272
86.08333333333333 465.0 0.49994011078027056
86.08333333333333 465.0 1.5198846843952143
86.08333333333333 465.0 2.6008275670720282
86.08333333333333 465.0 3.786150792140422
86.08333333333333 465.0 5.1234255425745205
86.08333333333333 465.0 6.666321349599367
86.08333333333333 465.0 8.476760039425491
86.08333333333333 465.0 10.62740087355701
86.08333333333333 465.0 13.204556620079774
86.08333333333333 465.0 16.31165758810932
86.08333333333333 465.0 20.07340264926414
86.08333333333333 465.0 24.64076384123113
86.08333333333333 465.0 30.197045405736844
86.08333333333333 465.0 36.965240431392644
86.08333333333333 465.0 45.21698034932272
86.08333333333333 515.0 0.49994011078027056
86.08333333333333 515.0 1.5198846843952143
86.08333333333333 515.0 2.6008275670720282
86.08333333333333 515.0 3.786150792140422
86.08333333333333 515.0 5.1234255425745205
86.08333333333333 515.0 6.666321349599367
86.08333333333333 515.0 8.476760039425491
86.08333333333333 515.0 10.62740087355701
86.08333333333333 515.0 13.204556620079774
86.08333333333333 515.0 16.31165758810932
86.08333333333333 515.0 20.07340264926414
86.08333333333333 515.0 24.64076384123113
86.08333333333333 515.0 30.197045405736844
86.08333333333333 515.0 36.965240431392644
86.08333333333333 515.0 45.21698034932272
86.08333333333333 565.0 0.49994011078027056
86.08333333333333 565.0 1.5198846843952143
86.08333333333333 565.0 2.6008275670720282
86.08333333333333 565.0 3.786150792140422
86.08333333333333 565.0 5.1234255425745205
86.08333333333333 565.0 6.666321349599367
86.08333333333333 565.0 8.476760039425491
86.08333333333333 565.0 10.62740087355701
86.08333333333333 565.0 13.204556620079774
86.08333333333333 565.0 16.31165758810932
86.08333333333333 565.0 20.07340264926414
86.08333333333333 565.0 24.64076384123113
86.08333333333333 565.0 30.197045405736844
86.08333333333333 565.0 36.965240431392644
86.08333333333333 565.0 45.21698034932272
86.08333333333333 615.0 0.49994011078027056
86.08333333333333 615.0 1.5198846843952143
86.08333333333333 615.0 2.6008275670720282
86.08333333333333 615.0 3.786150792140422
86.08333333333333 615.0 5.1234255425745205
86.08333333333333 615.0 6.666321349599367
86.08333333333333 615.0 8.476760039425491
86.08333333333333 615.0 10.62740087355701
86.08333333333333 615.0 13.204556620079774
86.08333333333333 615.0 16.31165758810932
86.08333333333333 615.0 20.07340264926414
86.08333333333333 615.0 24.64076384123113
86.08333333333333 615.0 30.197045405736844
86.08333333333333 615.0 36.965240431392644
86.08333333333333 615.0 45.21698034932272
86.08333333333333 665.0 0.49994011078027056
86.08333333333333 665.0 1.5198846843952143
86.08333333333333 665.0 2.6008275670720282
86.08333333333333 665.0 3.786150792140422
86.08333333333333 665.0 5.1234255425745205
86.08333333333333 665.0 6.666321349599367
86.08333333333333 665.0 8.476760039425491
86.08333333333333 665.0 10.62740087355701
86.08333333333333 665.0 13.204556620079774
86.08333333333333 665.0 16.31165758810932
86.08333333333333 665.0 20.07340264926414
86.08333333333333 665.0 24.64076384123113
86.08333333333333 665.0 30.197045405736844
86.08333333333333 665.0 36.965240431392644
86.08333333333333 665.0 45.21698034932272
86.08333333333333 715.0 0.49994011078027056
86.08333333333333 715.0 1.5198846843952143
86.08333333333333 715.0 2.6008275670720282
86.08333333333333 715.0 3.786150792140422
86.08333333333333 715.0 5.1234255425745205
86.08333333333333 715.0 6.666321349599367
86.08333333333333 715.0 8.476760039425491
86.08333333333333 715.0 10.62740087355701
86.08333333333333 715.0 13.204556620079774
86.08333333333333 715.0 16.31165758810932
86.08333333333333 715.0 20.07340264926414
86.08333333333333 715.0 24.64076384123113
86.08333333333333 715.0 30.197045405736844
86.08333333333333 715.0 36.965240431392644
86.08333333333333 715.0 45.21698034932272
86.08333333333333 765.0 0.49994011078027056
86.08333333333333 765.0 1.5198846843952143
86.08333333333333 765.0 2.6008275670720282
86.08333333333333 765.0 3.786150792140422
86.08333333333333 765.0 5.1234255425745205
86.08333333333333 765.0 6.666321349599367
86.08333333333333 765.0 8.476760039425491
86.08333333333333 765.0 10.62740087355701
86.08333333333333 765.0 13.204556620079774
86.08333333333333 765.0 16.31165758810932
86.08333333333333 765.0 20.07340264926414
86.08333333333333 765.0 24.64076384123113
86.08333333333333 765.0 30.197045405736844
86.08333333333333 765.0 36.965240431392644
86.08333333333333 765.0 45.21698034932272
86.08333333333333 815.0 0.49994011078027056
86.08333333333333 815.0 1.5198846843952143
86.08333333333333 815.0 2.6008275670720282
86.08333333333333 815.0 3.786150792140422
86.08333333333333 815.0 5.1234255425745205
86.08333333333333 815.0 6.666321349599367
86.08333333333333 815.0 8.476760039425491
86.08333333333333 815.0 10.62740087355701
86.08333333333333 815.0 13.204556620079774
86.08333333333333 815.0 16.31165758810932
86.08333333333333 815.0 20.07340264926414
86.08333333333333 815.0 24.64076384123113
86.08333333333333 815.0 30.197045405736844
86.08333333333333 815.0 36.965240431392644
86.08333333333333 815.0 45.21698034932272
86.08333333333333 865.0 0.49994011078027056
86.08333333333333 865.0 1.5198846843952143
86.08333333333333 865.0 2.6008275670720282
86.08333333333333 865.0 3.786150792140422
86.08333333333333 865.0 5.1234255425745205
86.08333333333333 865.0 6.666321349599367
86.08333333333333 865.0 8.476760039425491
86.08333333333333 865.0 10.62740087355701
86.08333333333333 865.0 13.204556620079774
86.08333333333333 865.0 16.31165758810932
86.08333333333333 865.0 20.07340264926414
86.08333333333333 865.0 24.64076384123113
86.08333333333333 865.0 30.197045405736844
86.08333333333333 865.0 36.965240431392644
86.08333333333333 865.0 45.21698034932272
86.08333333333333 915.0 0.49994011078027056
86.08333333333333 915.0 1.5198846843952143
86.08333333333333 915.0 2.6008275670720282
86.08333333333333 915.0 3.786150792140422
86.08333333333333 915.0 5.1234255425745205
86.08333333333333 915.0 6.666321349599367
86.08333333333333 915.0 8.476760039425491
86.08333333333333 915.0 10.62740087355701
86.08333333333333 915.0 13.204556620079774
86.08333333333333 915.0 16.31165758810932
86.08333333333333 915.0 20.07340264926414
86.08333333333333 915.0 24.64076384123113
86.08333333333333 915.0 30.197045405736844
86.08333333333333 915.0 36.965240431392644
86.08333333333333 915.0 45.21698034932272
86.08333333333333 965.0 0.49994011078027056
86.08333333333333 965.0 1.5198846843952143
86.08333333333333 965.0 2.6008275670720282
86.08333333333333 965.0 3.786150792140422
86.08333333333333 965.0 5.1234255425745205
86.08333333333333 965.0 6.666321349599367
86.08333333333333 965.0 8.476760039425491
86.08333333333333 965.0 10.62740087355701
86.08333333333333 965.0 13.204556620079774
86.08333333333333 965.0 16.31165758810932
86.08333333333333 965.0 20.07340264926414
86.08333333333333 965.0 24.64076384123113
86.08333333333333 965.0 30.197045405736844
86.08333333333333 965.0 36.965240431392644
86.08333333333333 965.0 45.21698034932272
136.80555555555554 15.0 0.49994011078027056
136.80555555555554 15.0 1.5198846843952143
136.80555555555554 15.0 2.6008275670720282
136.80555555555554 15.0 3.786150792140422
136.80555555555554 15.0 5.1234255425745205
136.80555555555554 15.0 6.666321349599367
136.80555555555554 15.0 8.476760039425491
136.80555555555554 15.0 10.62740087355701
136.80555555555554 15.0 13.204556620079774
136.80555555555554 15.0 16.31165758810932
136.80555555555554 15.0 20.07340264926414
136.80555555555554 15.0 24.64076384123113
136.80555555555554 15.0 30.197045405736844
136.80555555555554 15.0 36.965240431392644
136.80555555555554 15.0 45.21698034932272
136.80555555555554 65.0 0.49994011078027056
136.80555555555554 65.0 1.5198846843952143
136.80555555555554 65.0 2.6008275670720282
136.80555555555554 65.0 3.786150792140422
136.80555555555554 65.0 5.1234255425745205
136.80555555555554 65.0 6.666321349599367
136.80555555555554 65.0 8.476760039425491
136.80555555555554 65.0 10.62740087355701
136.80555555555554 65.0 13.204556620079774
136.80555555555554 65.0 16.31165758810932
136.80555555555554 65.0 20.07340264926414
136.80555555555554 65.0 24.64076384123113
136.80555555555554 65.0 30.197045405736844
136.80555555555554 65.0 36.965240431392644
136.80555555555554 65.0 45.21698034932272
136.80555555555554 115.0 0.49994011078027056
136.80555555555554 115.0 1.5198846843952143
136.80555555555554 115.0 2.6008275670720282
136.80555555555554 115.0 3.786150792140422
136.80555555555554 115.0 5.1234255425745205
136.80555555555554 115.0 6.666321349599367
136.80555555555554 115.0 8.476760039425491
136.80555555555554 115.0 10.62740087355701
136.80555555555554 115.0 13.204556620079774
136.80555555555554 115.0 16.31165758810932
136.80555555555554 115.0 20.07340264926414
136.80555555555554 115.0 24.64076384123113
136.80555555555554 115.0 30.197045405736844
136.80555555555554 115.0 36.965240431392644
136.80555555555554 115.0 45.21698034932272
136.80555555555554 165.0 0.49994011078027056
136.80555555555554 165.0 1.5198846843952143
136.80555555555554 165.0 2.6008275670720282
136.80555555555554 165.0 3.786150792140422
136.80555555555554 165.0 5.1234255425745205
136.80555555555554 165.0 6.666321349599367
136.80555555555554 165.0 8.476760039425491
136.80555555555554 165.0 10.62740087355701
136.80555555555554 165.0 13.204556620079774
136.80555555555554 165.0 16.31165758810932
136.80555555555554 165.0 20.07340264926414
136.80555555555554 165.0 24.64076384123113
136.80555555555554 165.0 30.197045405736844
136.80555555555554 165.0 36.965240431392644
136.80555555555554 165.0 45.21698034932272
136.80555555555554 215.0 0.49994011078027056
136.80555555555554 215.0 1.5198846843952143
136.80555555555554 215.0 2.6008275670720282
136.80555555555554 215.0 3.786150792140422
136.80555555555554 215.0 5.1234255425745205
136.80555555555554 215.0 6.666321349599367
136.80555555555554 215.0 8.476760039425491
136.80555555555554 215.0 10.62740087355701
136.80555555555554 215.0 13.204556620079774
136.80555555555554 215.0 16.31165758810932
136.80555555555554 215.0 20.07340264926414
136.80555555555554 215.0 24.64076384123113
136.80555555555554 215.0 30.197045405736844
136.80555555555554 215.0 36.965240431392644
136.80555555555554 215.0 45.21698034932272
136.80555555555554 265.0 0.49994011078027056
136.80555555555554 265.0 1.5198846843952143
136.80555555555554 265.0 2.6008275670720282
136.80555555555554 265.0 3.786150792140422
136.80555555555554 265.0 5.1234255425745205
136.80555555555554 265.0 6.666321349599367
136.80555555555554 265.0 8.476760039425491
136.80555555555554 265.0 10.62740087355701
136.80555555555554 265.0 13.204556620079774
136.80555555555554 265.0 16.31165758810932
136.80555555555554 265.0 20.07340264926414
136.80555555555554 265.0 24.64076384123113
136.80555555555554 265.0 30.197045405736844
136.80555555555554 265.0 36.965240431392644
136.80555555555554 265.0 45.21698034932272
136.80555555555554 315.0 0.49994011078027056
136.80555555555554 315.0 1.5198846843952143
136.80555555555554 315.0 2.6008275670720282
136.80555555555554 315.0 3.786150792140422
136.80555555555554 315.0 5.1234255425745205
136.80555555555554 315.0 6.666321349599367
136.80555555555554 315.0 8.476760039425491
136.80555555555554 315.0 10.62740087355701
136.80555555555554 315.0 13.204556620079774
136.80555555555554 315.0 16.31165758810932
136.80555555555554 315.0 20.07340264926414
136.80555555555554 315.0 24.64076384123113
136.80555555555554 315.0 30.197045405736844
136.80555555555554 315.0 36.965240431392644
136.80555555555554 315.0 45.21698034932272
136.80555555555554 365.0 0.49994011078027056
136.80555555555554 365.0 1.5198846843952143
136.80555555555554 365.0 2.6008275670720282
136.80555555555554 365.0 3.786150792140422
136.80555555555554 365.0 5.1234255425745205
136.80555555555554 365.0 6.666321349599367
136.80555555555554 365.0 8.476760039425491
136.80555555555554 365.0 10.62740087355701
136.80555555555554 365.0 13.204556620079774
136.80555555555554 365.0 16.31165758810932
136.80555555555554 365.0 20.07340264926414
136.80555555555554 365.0 24.64076384123113
136.80555555555554 365.0 30.197045405736844
136.80555555555554 365.0 36.965240431392644
136.80555555555554 365.0 45.21698034932272
136.80555555555554 415.0 0.49994011078027056
136.80555555555554 415.0 1.5198846843952143
136.80555555555554 415.0 2.6008275670720282
136.80555555555554 415.0 3.786150792140422
136.80555555555554 415.0 5.1234255425745205
136.80555555555554 415.0 6.666321349599367
136.80555555555554 415.0 8.476760039425491
136.80555555555554 415.0 10.62740087355701
136.80555555555554 415.0 13.204556620079774
136.80555555555554 415.0 16.31165758810932
136.80555555555554 415.0 20.07340264926414
136.80555555555554 415.0 24.64076384123113
136.80555555555554 415.0 30.197045405736844
136.80555555555554 415.0 36.965240431392644
136.80555555555554 415.0 45.21698034932272
136.80555555555554 465.0 0.49994011078027056
136.80555555555554 465.0 1.5198846843952143
136.80555555555554 465.0 2.6008275670720282
136.80555555555554 465.0 3.786150792140422
136.80555555555554 465.0 5.1234255425745205
136.80555555555554 465.0 6.666321349599367
136.80555555555554 465.0 8.476760039425491
136.80555555555554 465.0 10.62740087355701
136.80555555555554 465.0 13.204556620079774
136.80555555555554 465.0 16.31165758810932
136.80555555555554 465.0 20.07340264926414
136.80555555555554 465.0 24.64076384123113
136.80555555555554 465.0 30.197045405736844
136.80555555555554 465.0 36.965240431392644
136.80555555555554 465.0 45.21698034932272
136.80555555555554 515.0 0.49994011078027056
136.80555555555554 515.0 1.5198846843952143
136.80555555555554 515.0 2.6008275670720282
136.80555555555554 515.0 3.786150792140422
136.80555555555554 515.0 5.1234255425745205
136.80555555555554 515.0 6.666321349599367
136.80555555555554 515.0 8.476760039425491
136.80555555555554 515.0 10.62740087355701
136.80555555555554 515.0 13.204556620079774
136.80555555555554 515.0 16.31165758810932
136.80555555555554 515.0 20.07340264926414
136.80555555555554 515.0 24.64076384123113
136.80555555555554 515.0 30.197045405736844
136.80555555555554 515.0 36.965240431392644
136.80555555555554 515.0 45.21698034932272
136.80555555555554 565.0 0.49994011078027056
136.80555555555554 565.0 1.5198846843952143
136.80555555555554 565.0 2.6008275670720282
136.80555555555554 565.0 3.786150792140422
136.80555555555554 565.0 5.1234255425745205
136.80555555555554 565.0 6.666321349599367
136.80555555555554 565.0 8.476760039425491
136.80555555555554 565.0 10.62740087355701
136.80555555555554 565.0 13.204556620079774
136.80555555555554 565.0 16.31165758810932
136.80555555555554 565.0 20.07340264926414
136.80555555555554 565.0 24.64076384123113
136.80555555555554 565.0 30.197045405736844
136.80555555555554 565.0 36.965240431392644
136.80555555555554 565.0 45.21698034932272
136.80555555555554 615.0 0.49994011078027056
136.80555555555554 615.0 1.5198846843952143
136.80555555555554 615.0 2.6008275670720282
136.80555555555554 615.0 3.786150792140422
136.80555555555554 615.0 5.1234255425745205
136.80555555555554 615.0 6.666321349599367
136.80555555555554 615.0 8.476760039425491
136.80555555555554 615.0 10.62740087355701
136.80555555555554 615.0 13.204556620079774
136.80555555555554 615.0 16.31165758810932
136.80555555555554 615.0 20.07340264926414
136.80555555555554 615.0 24.64076384123113
136.80555555555554 615.0 30.197045405736844
136.80555555555554 615.0 36.965240431392644
136.80555555555554 615.0 45.21698034932272
136.80555555555554 665.0 0.49994011078027056
136.80555555555554 665.0 1.5198846843952143
136.80555555555554 665.0 2.6008275670720282
136.80555555555554 665.0 3.786150792140422
136.80555555555554 665.0 5.1234255425745205
136.80555555555554 665.0 6.666321349599367
136.80555555555554 665.0 8.476760039425491
136.80555555555554 665.0 10.62740087355701
136.80555555555554 665.0 13.204556620079774
136.80555555555554 665.0 16.31165758810932
136.80555555555554 665.0 20.07340264926414
136.80555555555554 665.0 24.64076384123113
136.80555555555554 665.0 30.197045405736844
136.80555555555554 665.0 36.965240431392644
136.80555555555554 665.0 45.21698034932272
136.80555555555554 715.0 0.49994011078027056
136.80555555555554 715.0 1.5198846843952143
136.80555555555554 715.0 2.6008275670720282
136.80555555555554 715.0 3.786150792140422
136.80555555555554 715.0 5.1234255425745205
136.80555555555554 715.0 6.666321349599367
136.80555555555554 715.0 8.476760039425491
136.80555555555554 715.0 10.62740087355701
136.80555555555554 715.0 13.204556620079774
136.80555555555554 715.0 16.31165758810932
136.80555555555554 715.0 20.07340264926414
136.80555555555554 715.0 24.64076384123113
136.80555555555554 715.0 30.197045405736844
136.80555555555554 715.0 36.965240431392644
136.80555555555554 715.0 45.21698034932272
136.80555555555554 765.0 0.49994011078027056
136.80555555555554 765.0 1.5198846843952143
136.80555555555554 765.0 2.6008275670720282
136.80555555555554 765.0 3.786150792140422
136.80555555555554 765.0 5.1234255425745205
136.80555555555554 765.0 6.666321349599367
136.80555555555554 765.0 8.476760039425491
136.80555555555554 765.0 10.62740087355701
136.80555555555554 765.0 13.204556620079774
136.80555555555554 765.0 16.31165758810932
136.80555555555554 765.0 20.07340264926414
136.80555555555554 765.0 24.64076384123113
136.80555555555554 765.0 30.197045405736844
136.80555555555554 765.0 36.965240431392644
136.80555555555554 765.0 45.21698034932272
136.80555555555554 815.0 0.49994011078027056
136.80555555555554 815.0 1.5198846843952143
136.80555555555554 815.0 2.6008275670720282
136.80555555555554 815.0 3.786150792140422
136.80555555555554 815.0 5.1234255425745205
136.80555555555554 815.0 6.666321349599367
136.80555555555554 815.0 8.476760039425491
136.80555555555554 815.0 10.62740087355701
136.80555555555554 815.0 13.204556620079774
136.80555555555554 815.0 16.31165758810932
136.80555555555554 815.0 20.07340264926414
136.80555555555554 815.0 24.64076384123113
136.80555555555554 815.0 30.197045405736844
136.80555555555554 815.0 36.965240431392644
136.80555555555554 815.0 45.21698034932272
136.80555555555554 865.0 0.49994011078027056
136.80555555555554 865.0 1.5198846843952143
136.80555555555554 865.0 2.6008275670720282
136.80555555555554 865.0 3.786150792140422
136.80555555555554 865.0 5.1234255425745205
136.80555555555554 865.0 6.666321349599367
136.80555555555554 865.0 8.476760039425491
136.80555555555554 865.0 10.62740087355701
136.80555555555554 865.0 13.204556620079774
136.80555555555554 865.0 16.31165758810932
136.80555555555554 865.0 20.07340264926414
136.80555555555554 865.0 24.64076384123113
136.80555555555554 865.0 30.197045405736844
136.80555555555554 865.0 36.965240431392644
136.80555555555554 865.0 45.21698034932272
136.80555555555554 915.0 0.49994011078027056
136.80555555555554 915.0 1.5198846843952143
136.80555555555554 915.0 2.6008275670720282
136.80555555555554 915.0 3.786150792140422
136.80555555555554 915.0 5.1234255425745205
136.80555555555554 915.0 6.666321349599367
136.80555555555554 915.0 8.476760039425491
136.80555555555554 915.0 10.62740087355701
136.80555555555554 915.0 13.204556620079774
136.80555555555554 915.0 16.31165758810932
136.80555555555554 915.0 20.07340264926414
136.80555555555554 915.0 24.64076384123113
136.80555555555554 915.0 30.197045405736844
136.80555555555554 915.0 36.965240431392644
136.80555555555554 915.0 45.21698034932272
136.80555555555554 965.0 0.49994011078027056
136.80555555555554 965.0 1.5198846843952143
136.80555555555554 965.0 2.6008275670720282
136.80555555555554 965.0 3.786150792140422
136.80555555555554 965.0 5.1234255425745205
136.80555555555554 965.0 6.666321349599367
136.80555555555554 965.0 8.476760039425491
136.80555555555554 965.0 10.62740087355701
136.80555555555554 965.0 13.204556620079774
136.80555555555554 965.0 16.31165758810932
136.80555555555554 965.0 20.07340264926414
136.80555555555554 965.0 24.64076384123113
136.80555555555554 965.0 30.197045405736844
136.80555555555554 965.0 36.965240431392644
136.80555555555554 965.0 45.21698034932272
187.52777777777777 15.0 0.49994011078027056
187.52777777777777 15.0 1.5198846843952143
187.52777777777777 15.0 2.6008275670720282
187.52777777777777 15.0 3.786150792140422
187.52777777777777 15.0 5.1234255425745205
187.52777777777777 15.0 6.666321349599367
187.52777777777777 15.0 8.476760039425491
187.52777777777777 15.0 10.62740087355701
187.52777777777777 15.0 13.204556620079774
187.52777777777777 15.0 16.31165758810932
187.52777777777777 15.0 20.07340264926414
187.52777777777777 15.0 24.64076384123113
187.52777777777777 15.0 30.197045405736844
187.52777777777777 15.0 36.965240431392644
187.52777777777777 15.0 45.21698034932272
187.52777777777777 65.0 0.49994011078027056
187.52777777777777 65.0 1.5198846843952143
187.52777777777777 65.0 2.6008275670720282
187.52777777777777 65.0 3.786150792140422
187.52777777777777 65.0 5.1234255425745205
187.52777777777777 65.0 6.666321349599367
187.52777777777777 65.0 8.476760039425491
187.52777777777777 65.0 10.62740087355701
187.52777777777777 65.0 13.204556620079774
187.52777777777777 65.0 16.31165758810932
187.52777777777777 65.0 20.07340264926414
187.52777777777777 65.0 24.64076384123113
187.52777777777777 65.0 30.197045405736844
187.52777777777777 65.0 36.965240431392644
187.52777777777777 65.0 45.21698034932272
187.52777777777777 115.0 0.49994011078027056
187.52777777777777 115.0 1.5198846843952143
187.52777777777777 115.0 2.6008275670720282
187.52777777777777 115.0 3.786150792140422
187.52777777777777 115.0 5.1234255425745205
187.52777777777777 115.0 6.666321349599367
187.52777777777777 115.0 8.476760039425491
187.52777777777777 115.0 10.62740087355701
187.52777777777777 115.0 13.204556620079774
187.52777777777777 115.0 16.31165758810932
187.52777777777777 115.0 20.07340264926414
187.52777777777777 115.0 24.64076384123113
187.52777777777777 115.0 30.197045405736844
187.52777777777777 115.0 36.965240431392644
187.52777777777777 115.0 45.21698034932272
187.52777777777777 165.0 0.49994011078027056
187.52777777777777 165.0 1.5198846843952143
187.52777777777777 165.0 2.6008275670720282
187.52777777777777 165.0 3.786150792140422
187.52777777777777 165.0 5.1234255425745205
187.52777777777777 165.0 6.666321349599367
187.52777777777777 165.0 8.476760039425491
187.52777777777777 165.0 10.62740087355701
187.52777777777777 165.0 13.204556620079774
187.52777777777777 165.0 16.31165758810932
187.52777777777777 165.0 20.07340264926414
187.52777777777777 165.0 24.64076384123113
187.52777777777777 165.0 30.197045405736844
187.52777777777777 165.0 36.965240431392644
187.52777777777777 165.0 45.21698034932272
187.52777777777777 215.0 0.49994011078027056
187.52777777777777 215.0 1.5198846843952143
187.52777777777777 215.0 2.6008275670720282
187.52777777777777 215.0 3.786150792140422
187.52777777777777 215.0 5.1234255425745205
187.52777777777777 215.0 6.666321349599367
187.52777777777777 215.0 8.476760039425491
187.52777777777777 215.0 10.62740087355701
187.52777777777777 215.0 13.204556620079774
187.52777777777777 215.0 16.31165758810932
187.52777777777777 215.0 20.07340264926414
187.52777777777777 215.0 24.64076384123113
187.52777777777777 215.0 30.197045405736844
187.52777777777777 215.0 36.965240431392644
187.52777777777777 215.0 45.21698034932272
187.52777777777777 265.0 0.49994011078027056
187.52777777777777 265.0 1.5198846843952143
187.52777777777777 265.0 2.6008275670720282
187.52777777777777 265.0 3.786150792140422
187.52777777777777 265.0 5.1234255425745205
187.52777777777777 265.0 6.666321349599367
187.52777777777777 265.0 8.476760039425491
187.52777777777777 265.0 10.62740087355701
187.52777777777777 265.0 13.204556620079774
187.52777777777777 265.0 16.31165758810932
187.52777777777777 265.0 20.07340264926414
187.52777777777777 265.0 24.64076384123113
187.52777777777777 265.0 30.197045405736844
187.52777777777777 265.0 36.965240431392644
187.52777777777777 265.0 45.21698034932272
187.52777777777777 315.0 0.49994011078027056
187.52777777777777 315.0 1.5198846843952143
187.52777777777777 315.0 2.6008275670720282
187.52777777777777 315.0 3.786150792140422
187.52777777777777 315.0 5.1234255425745205
187.52777777777777 315.0 6.666321349599367
187.52777777777777 315.0 8.476760039425491
187.52777777777777 315.0 10.62740087355701
187.52777777777777 315.0 13.204556620079774
187.52777777777777 315.0 16.31165758810932
187.52777777777777 315.0 20.07340264926414
187.52777777777777 315.0 24.64076384123113
187.52777777777777 315.0 30.197045405736844
187.52777777777777 315.0 36.965240431392644
187.52777777777777 315.0 45.21698034932272
187.52777777777777 365.0 0.49994011078027056
187.52777777777777 365.0 1.5198846843952143
187.52777777777777 365.0 2.6008275670720282
187.52777777777777 365.0 3.786150792140422
187.52777777777777 365.0 5.1234255425745205
187.52777777777777 365.0 6.666321349599367
187.52777777777777 365.0 8.476760039425491
187.52777777777777 365.0 10.62740087355701
187.52777777777777 365.0 13.204556620079774
187.52777777777777 365.0 16.31165758810932
187.52777777777777 365.0 20.07340264926414
187.52777777777777 365.0 24.64076384123113
187.52777777777777 365.0 30.197045405736844
187.52777777777777 365.0 36.965240431392644
187.52777777777777 365.0 45.21698034932272
187.52777777777777 415.0 0.49994011078027056
187.52777777777777 415.0 1.5198846843952143
187.52777777777777 415.0 2.6008275670720282
187.52777777777777 415.0 3.786150792140422
187.52777777777777 415.0 5.1234255425745205
187.52777777777777 415.0 6.666321349599367
187.52777777777777 415.0 8.476760039425491
187.52777777777777 415.0 10.62740087355701
187.52777777777777 415.0 13.204556620079774
187.52777777777777 415.0 16.31165758810932
187.52777777777777 415.0 20.07340264926414
187.52777777777777 415.0 24.64076384123113
187.52777777777777 415.0 30.197045405736844
187.52777777777777 415.0 36.965240431392644
187.52777777777777 415.0 45.21698034932272
187.52777777777777 465.0 0.49994011078027056
187.52777777777777 465.0 1.5198846843952143
187.52777777777777 465.0 2.6008275670720282
187.52777777777777 465.0 3.786150792140422
187.52777777777777 465.0 5.1234255425745205
187.52777777777777 465.0 6.666321349599367
187.52777777777777 465.0 8.476760039425491
187.52777777777777 465.0 10.62740087355701
187.52777777777777 465.0 13.204556620079774
187.52777777777777 465.0 16.31165758810932
187.52777777777777 465.0 20.07340264926414
187.52777777777777 465.0 24.64076384123113
187.52777777777777 465.0 30.197045405736844
187.52777777777777 465.0 36.965240431392644
187.52777777777777 465.0 45.21698034932272
187.52777777777777 515.0 0.49994011078027056
187.52777777777777 515.0 1.5198846843952143
187.52777777777777 515.0 2.6008275670720282
187.52777777777777 515.0 3.786150792140422
187.52777777777777 515.0 5.1234255425745205
187.52777777777777 515.0 6.666321349599367
187.52777777777777 515.0 8.476760039425491
187.52777777777777 515.0 10.62740087355701
187.52777777777777 515.0 13.204556620079774
187.52777777777777 515.0 16.31165758810932
187.52777777777777 515.0 20.07340264926414
187.52777777777777 515.0 24.64076384123113
187.52777777777777 515.0 30.197045405736844
187.52777777777777 515.0 36.965240431392644
187.52777777777777 515.0 45.21698034932272
187.52777777777777 565.0 0.49994011078027056
187.52777777777777 565.0 1.5198846843952143
187.52777777777777 565.0 2.6008275670720282
187.52777777777777 565.0 3.786150792140422
187.52777777777777 565.0 5.1234255425745205
187.52777777777777 565.0 6.666321349599367
187.52777777777777 565.0 8.476760039425491
187.52777777777777 565.0 10.62740087355701
187.52777777777777 565.0 13.204556620079774
187.52777777777777 565.0 16.31165758810932
187.52777777777777 565.0 20.07340264926414
187.52777777777777 565.0 24.64076384123113
187.52777777777777 565.0 30.197045405736844
187.52777777777777 565.0 36.965240431392644
187.52777777777777 565.0 45.21698034932272
187.52777777777777 615.0 0.49994011078027056
187.52777777777777 615.0 1.5198846843952143
187.52777777777777 615.0 2.6008275670720282
187.52777777777777 615.0 3.786150792140422
187.52777777777777 615.0 5.1234255425745205
187.52777777777777 615.0 6.666321349599367
187.52777777777777 615.0 8.476760039425491
187.52777777777777 615.0 10.62740087355701
187.52777777777777 615.0 13.204556620079774
187.52777777777777 615.0 16.31165758810932
187.52777777777777 615.0 20.07340264926414
187.52777777777777 615.0 24.64076384123113
187.52777777777777 615.0 30.197045405736844
187.52777777777777 615.0 36.965240431392644
187.52777777777777 615.0 45.21698034932272
187.52777777777777 665.0 0.49994011078027056
187.52777777777777 665.0 1.5198846843952143
187.52777777777777 665.0 2.6008275670720282
187.52777777777777 665.0 3.786150792140422
187.52777777777777 665.0 5.1234255425745205
187.52777777777777 665.0 6.666321349599367
187.52777777777777 665.0 8.476760039425491
187.52777777777777 665.0 10.62740087355701
187.52777777777777 665.0 13.204556620079774
187.52777777777777 665.0 16.31165758810932
187.52777777777777 665.0 20.07340264926414
187.52777777777777 665.0 24.64076384123113
187.52777777777777 665.0 30.197045405736844
187.52777777777777 665.0 36.965240431392644
187.52777777777777 665.0 45.21698034932272
187.52777777777777 715.0 0.49994011078027056
187.52777777777777 715.0 1.5198846843952143
187.52777777777777 715.0 2.6008275670720282
187.52777777777777 715.0 3.786150792140422
187.52777777777777 715.0 5.1234255425745205
187.52777777777777 715.0 6.666321349599367
187.52777777777777 715.0 8.476760039425491
187.52777777777777 715.0 10.62740087355701
187.52777777777777 715.0 13.204556620079774
187.52777777777777 715.0 16.31165758810932
187.52777777777777 715.0 20.07340264926414
187.52777777777777 715.0 24.64076384123113
187.52777777777777 715.0 30.197045405736844
187.52777777777777 715.0 36.965240431392644
187.52777777777777 715.0 45.21698034932272
187.52777777777777 765.0 0.49994011078027056
187.52777777777777 765.0 1.5198846843952143
187.52777777777777 765.0 2.6008275670720282
187.52777777777777 765.0 3.786150792140422
187.52777777777777 765.0 5.1234255425745205
187.52777777777777 765.0 6.666321349599367
187.52777777777777 765.0 8.476760039425491
187.52777777777777 765.0 10.62740087355701
187.52777777777777 765.0 13.204556620079774
187.52777777777777 765.0 16.31165758810932
187.52777777777777 765.0 20.07340264926414
187.52777777777777 765.0 24.64076384123113
187.52777777777777 765.0 30.197045405736844
187.52777777777777 765.0 36.965240431392644
187.52777777777777 765.0 45.21698034932272
187.52777777777777 815.0 0.49994011078027056
187.52777777777777 815.0 1.5198846843952143
187.52777777777777 815.0 2.6008275670720282
187.52777777777777 815.0 3.786150792140422
187.52777777777777 815.0 5.1234255425745205
187.52777777777777 815.0 6.666321349599367
187.52777777777777 815.0 8.476760039425491
187.52777777777777 815.0 10.62740087355701
187.52777777777777 815.0 13.204556620079774
187.52777777777777 815.0 16.31165758810932
187.52777777777777 815.0 20.07340264926414
187.52777777777777 815.0 24.64076384123113
187.52777777777777 815.0 30.197045405736844
187.52777777777777 815.0 36.965240431392644
187.52777777777777 815.0 45.21698034932272
187.52777777777777 865.0 0.49994011078027056
187.52777777777777 865.0 1.5198846843952143
187.52777777777777 865.0 2.6008275670720282
187.52777777777777 865.0 3.786150792140422
187.52777777777777 865.0 5.1234255425745205
187.52777777777777 865.0 6.666321349599367
187.52777777777777 865.0 8.476760039425491
187.52777777777777 865.0 10.62740087355701
187.52777777777777 865.0 13.204556620079774
187.52777777777777 865.0 16.31165758810932
187.52777777777777 865.0 20.07340264926414
187.52777777777777 865.0 24.64076384123113
187.52777777777777 865.0 30.197045405736844
187.52777777777777 865.0 36.965240431392644
187.52777777777777 865.0 45.21698034932272
187.52777777777777 915.0 0.49994011078027056
187.52777777777777 915.0 1.5198846843952143
187.52777777777777 915.0 2.6008275670720282
187.52777777777777 915.0 3.786150792140422
187.52777777777777 915.0 5.1234255425745205
187.52777777777777 915.0 6.666321349599367
187.52777777777777 915.0 8.476760039425491
187.52777777777777 915.0 10.62740087355701
187.52777777777777 915.0 13.204556620079774
187.52777777777777 915.0 16.31165758810932
187.52777777777777 915.0 20.07340264926414
187.52777777777777 915.0 24.64076384123113
187.52777777777777 915.0 30.197045405736844
187.52777777777777 915.0 36.965240431392644
187.52777777777777 915.0 45.21698034932272
187.52777777777777 965.0 0.49994011078027056
187.52777777777777 965.0 1.5198846843952143
187.52777777777777 965.0 2.6008275670720282
187.52777777777777 965.0 3.786150792140422
187.52777777777777 965.0 5.1234255425745205
187.52777777777777 965.0 6.666321349599367
187.52777777777777 965.0 8.476760039425491
187.52777777777777 965.0 10.62740087355701
187.52777777777777 965.0 13.204556620079774
187.52777777777777 965.0 16.31165758810932
187.52777777777777 965.0 20.07340264926414
187.52777777777777 965.0 24.64076384123113
187.52777777777777 965.0 30.197045405736844
187.52777777777777 965.0 36.965240431392644
187.52777777777777 965.0 45.21698034932272
238.25 15.0 0.49994011078027056
238.25 15.0 1.5198846843952143
238.25 15.0 2.6008275670720282
238.25 15.0 3.786150792140422
238.25 15.0 5.1234255425745205
238.25 15.0 6.666321349599367
238.25 15.0 8.476760039425491
238.25 15.0 10.62740087355701
238.25 15.0 13.204556620079774
238.25 15.0 16.31165758810932
238.25 15.0 20.07340264926414
238.25 15.0 24.64076384123113
238.25 15.0 30.197045405736844
238.25 15.0 36.965240431392644
238.25 15.0 45.21698034932272
238.25 65.0 0.49994011078027056
238.25 65.0 1.5198846843952143
238.25 65.0 2.6008275670720282
238.25 65.0 3.786150792140422
238.25 65.0 5.1234255425745205
238.25 65.0 6.666321349599367
238.25 65.0 8.476760039425491
238.25 65.0 10.62740087355701
238.25 65.0 13.204556620079774
238.25 65.0 16.31165758810932
238.25 65.0 20.07340264926414
238.25 65.0 24.64076384123113
238.25 65.0 30.197045405736844
238.25 65.0 36.965240431392644
238.25 65.0 45.21698034932272
238.25 115.0 0.49994011078027056
238.25 115.0 1.5198846843952143
238.25 115.0 2.6008275670720282
238.25 115.0 3.786150792140422
238.25 115.0 5.1234255425745205
238.25 115.0 6.666321349599367
238.25 115.0 8.476760039425491
238.25 115.0 10.62740087355701
238.25 115.0 13.204556620079774
238.25 115.0 16.31165758810932
238.25 115.0 20.07340264926414
238.25 115.0 24.64076384123113
238.25 115.0 30.197045405736844
238.25 115.0 36.965240431392644
238.25 115.0 45.21698034932272
238.25 165.0 0.49994011078027056
238.25 165.0 1.5198846843952143
238.25 165.0 2.6008275670720282
238.25 165.0 3.786150792140422
238.25 165.0 5.1234255425745205
238.25 165.0 6.666321349599367
238.25 165.0 8.476760039425491
238.25 165.0 10.62740087355701
238.25 165.0 13.204556620079774
238.25 165.0 16.31165758810932
238.25 165.0 20.07340264926414
238.25 165.0 24.64076384123113
238.25 165.0 30.197045405736844
238.25 165.0 36.965240431392644
238.25 165.0 45.21698034932272
238.25 215.0 0.49994011078027056
238.25 215.0 1.5198846843952143
238.25 215.0 2.6008275670720282
238.25 215.0 3.786150792140422
238.25 215.0 5.1234255425745205
238.25 215.0 6.666321349599367
238.25 215.0 8.476760039425491
238.25 215.0 10.62740087355701
238.25 215.0 13.204556620079774
238.25 215.0 16.31165758810932
238.25 215.0 20.07340264926414
238.25 215.0 24.64076384123113
238.25 215.0 30.197045405736844
238.25 215.0 36.965240431392644
238.25 215.0 45.21698034932272
238.25 265.0 0.49994011078027056
238.25 265.0 1.5198846843952143
238.25 265.0 2.6008275670720282
238.25 265.0 3.786150792140422
238.25 265.0 5.1234255425745205
238.25 265.0 6.666321349599367
238.25 265.0 8.476760039425491
238.25 265.0 10.62740087355701
238.25 265.0 13.204556620079774
238.25 265.0 16.31165758810932
238.25 265.0 20.07340264926414
238.25 265.0 24.64076384123113
238.25 265.0 30.197045405736844
238.25 265.0 36.965240431392644
238.25 265.0 45.21698034932272
238.25 315.0 0.49994011078027056
238.25 315.0 1.5198846843952143
238.25 315.0 2.6008275670720282
238.25 315.0 3.786150792140422
238.25 315.0 5.1234255425745205
238.25 315.0 6.666321349599367
238.25 315.0 8.476760039425491
238.25 315.0 10.62740087355701
238.25 315.0 13.204556620079774
238.25 315.0 16.31165758810932
238.25 315.0 20.07340264926414
238.25 315.0 24.64076384123113
238.25 315.0 30.197045405736844
238.25 315.0 36.965240431392644
238.25 315.0 45.21698034932272
238.25 365.0 0.49994011078027056
238.25 365.0 1.5198846843952143
238.25 365.0 2.6008275670720282
238.25 365.0 3.786150792140422
238.25 365.0 5.1234255425745205
238.25 365.0 6.666321349599367
238.25 365.0 8.476760039425491
238.25 365.0 10.62740087355701
238.25 365.0 13.204556620079774
238.25 365.0 16.31165758810932
238.25 365.0 20.07340264926414
238.25 365.0 24.64076384123113
238.25 365.0 30.197045405736844
238.25 365.0 36.965240431392644
238.25 365.0 45.21698034932272
238.25 415.0 0.49994011078027056
238.25 415.0 1.5198846843952143
238.25 415.0 2.6008275670720282
238.25 415.0 3.786150792140422
238.25 415.0 5.1234255425745205
238.25 415.0 6.666321349599367
238.25 415.0 8.476760039425491
238.25 415.0 10.62740087355701
238.25 415.0 13.204556620079774
238.25 415.0 16.31165758810932
238.25 415.0 20.07340264926414
238.25 415.0 24.64076384123113
238.25 415.0 30.197045405736844
238.25 415.0 36.965240431392644
238.25 415.0 45.21698034932272
238.25 465.0 0.49994011078027056
238.25 465.0 1.5198846843952143
238.25 465.0 2.6008275670720282
238.25 465.0 3.786150792140422
238.25 465.0 5.1234255425745205
238.25 465.0 6.666321349599367
238.25 465.0 8.476760039425491
238.25 465.0 10.62740087355701
238.25 465.0 13.204556620079774
238.25 465.0 16.31165758810932
238.25 465.0 20.07340264926414
238.25 465.0 24.64076384123113
238.25 465.0 30.197045405736844
238.25 465.0 36.965240431392644
238.25 465.0 45.21698034932272
238.25 515.0 0.49994011078027056
238.25 515.0 1.5198846843952143
238.25 515.0 2.6008275670720282
238.25 515.0 3.786150792140422
238.25 515.0 5.1234255425745205
238.25 515.0 6.666321349599367
238.25 515.0 8.476760039425491
238.25 515.0 10.62740087355701
238.25 515.0 13.204556620079774
238.25 515.0 16.31165758810932
238.25 515.0 20.07340264926414
238.25 515.0 24.64076384123113
238.25 515.0 30.197045405736844
238.25 515.0 36.965240431392644
238.25 515.0 45.21698034932272
238.25 565.0 0.49994011078027056
238.25 565.0 1.5198846843952143
238.25 565.0 2.6008275670720282
238.25 565.0 3.786150792140422
238.25 565.0 5.1234255425745205
238.25 565.0 6.666321349599367
238.25 565.0 8.476760039425491
238.25 565.0 10.62740087355701
238.25 565.0 13.204556620079774
238.25 565.0 16.31165758810932
238.25 565.0 20.07340264926414
238.25 565.0 24.64076384123113
238.25 565.0 30.197045405736844
238.25 565.0 36.965240431392644
238.25 565.0 45.21698034932272
238.25 615.0 0.49994011078027056
238.25 615.0 1.5198846843952143
238.25 615.0 2.6008275670720282
238.25 615.0 3.786150792140422
238.25 615.0 5.1234255425745205
238.25 615.0 6.666321349599367
238.25 615.0 8.476760039425491
238.25 615.0 10.62740087355701
238.25 615.0 13.204556620079774
238.25 615.0 16.31165758810932
238.25 615.0 20.07340264926414
238.25 615.0 24.64076384123113
238.25 615.0 30.197045405736844
238.25 615.0 36.965240431392644
238.25 615.0 45.21698034932272
238.25 665.0 0.49994011078027056
238.25 665.0 1.5198846843952143
238.25 665.0 2.6008275670720282
238.25 665.0 3.786150792140422
238.25 665.0 5.1234255425745205
238.25 665.0 6.666321349599367
238.25 665.0 8.476760039425491
238.25 665.0 10.62740087355701
238.25 665.0 13.204556620079774
238.25 665.0 16.31165758810932
238.25 665.0 20.07340264926414
238.25 665.0 24.64076384123113
238.25 665.0 30.197045405736844
238.25 665.0 36.965240431392644
238.25 665.0 45.21698034932272
238.25 715.0 0.49994011078027056
238.25 715.0 1.5198846843952143
238.25 715.0 2.6008275670720282
238.25 715.0 3.786150792140422
238.25 715.0 5.1234255425745205
238.25 715.0 6.666321349599367
238.25 715.0 8.476760039425491
238.25 715.0 10.62740087355701
238.25 715.0 13.204556620079774
238.25 715.0 16.31165758810932
238.25 715.0 20.07340264926414
238.25 715.0 24.64076384123113
238.25 715.0 30.197045405736844
238.25 715.0 36.965240431392644
238.25 715.0 45.21698034932272
238.25 765.0 0.49994011078027056
238.25 765.0 1.5198846843952143
238.25 765.0 2.6008275670720282
238.25 765.0 3.786150792140422
238.25 765.0 5.1234255425745205
238.25 765.0 6.666321349599367
238.25 765.0 8.476760039425491
238.25 765.0 10.62740087355701
238.25 765.0 13.204556620079774
238.25 765.0 16.31165758810932
238.25 765.0 20.07340264926414
238.25 765.0 24.64076384123113
238.25 765.0 30.197045405736844
238.25 765.0 36.965240431392644
238.25 765.0 45.21698034932272
238.25 815.0 0.49994011078027056
238.25 815.0 1.5198846843952143
238.25 815.0 2.6008275670720282
238.25 815.0 3.786150792140422
238.25 815.0 5.1234255425745205
238.25 815.0 6.666321349599367
238.25 815.0 8.476760039425491
238.25 815.0 10.62740087355701
238.25 815.0 13.204556620079774
238.25 815.0 16.31165758810932
238.25 815.0 20.07340264926414
238.25 815.0 24.64076384123113
238.25 815.0 30.197045405736844
238.25 815.0 36.965240431392644
238.25 815.0 45.21698034932272
238.25 865.0 0.49994011078027056
238.25 865.0 1.5198846843952143
238.25 865.0 2.6008275670720282
238.25 865.0 3.786150792140422
238.25 865.0 5.1234255425745205
238.25 865.0 6.666321349599367
238.25 865.0 8.476760039425491
238.25 865.0 10.62740087355701
238.25 865.0 13.204556620079774
238.25 865.0 16.31165758810932
238.25 865.0 20.07340264926414
238.25 865.0 24.64076384123113
238.25 865.0 30.197045405736844
238.25 865.0 36.965240431392644
238.25 865.0 45.21698034932272
238.25 915.0 0.49994011078027056
238.25 915.0 1.5198846843952143
238.25 915.0 2.6008275670720282
238.25 915.0 3.786150792140422
238.25 915.0 5.1234255425745205
238.25 915.0 6.666321349599367
238.25 915.0 8.476760039425491
238.25 915.0 10.62740087355701
238.25 915.0 13.204556620079774
238.25 915.0 16.31165758810932
238.25 915.0 20.07340264926414
238.25 915.0 24.64076384123113
238.25 915.0 30.197045405736844
238.25 915.0 36.965240431392644
238.25 915.0 45.21698034932272
238.25 965.0 0.49994011078027056
238.25 965.0 1.5198846843952143
238.25 965.0 2.6008275670720282
238.25 965.0 3.786150792140422
238.25 965.0 5.1234255425745205
238.25 965.0 6.666321349599367
238.25 965.0 8.476760039425491
238.25 965.0 10.62740087355701
238.25 965.0 13.204556620079774
238.25 965.0 16.31165758810932
238.25 965.0 20.07340264926414
238.25 965.0 24.64076384123113
238.25 965.0 30.197045405736844
238.25 965.0 36.965240431392644
238.25 965.0 45.21698034932272
288.9722222222222 15.0 0.49994011078027056
288.9722222222222 15.0 1.5198846843952143
288.9722222222222 15.0 2.6008275670720282
288.9722222222222 15.0 3.786150792140422
288.9722222222222 15.0 5.1234255425745205
288.9722222222222 15.0 6.666321349599367
288.9722222222222 15.0 8.476760039425491
288.9722222222222 15.0 10.62740087355701
288.9722222222222 15.0 13.204556620079774
288.9722222222222 15.0 16.31165758810932
288.9722222222222 15.0 20.07340264926414
288.9722222222222 15.0 24.64076384123113
288.9722222222222 15.0 30.197045405736844
288.9722222222222 15.0 36.965240431392644
288.9722222222222 15.0 45.21698034932272
288.9722222222222 65.0 0.49994011078027056
288.9722222222222 65.0 1.5198846843952143
288.9722222222222 65.0 2.6008275670720282
288.9722222222222 65.0 3.786150792140422
288.9722222222222 65.0 5.1234255425745205
288.9722222222222 65.0 6.666321349599367
288.9722222222222 65.0 8.476760039425491
288.9722222222222 65.0 10.62740087355701
288.9722222222222 65.0 13.204556620079774
288.9722222222222 65.0 16.31165758810932
288.9722222222222 65.0 20.07340264926414
288.9722222222222 65.0 24.64076384123113
288.9722222222222 65.0 30.197045405736844
288.9722222222222 65.0 36.965240431392644
288.9722222222222 65.0 45.21698034932272
288.9722222222222 115.0 0.49994011078027056
288.9722222222222 115.0 1.5198846843952143
288.9722222222222 115.0 2.6008275670720282
288.9722222222222 115.0 3.786150792140422
288.9722222222222 115.0 5.1234255425745205
288.9722222222222 115.0 6.666321349599367
288.9722222222222 115.0 8.476760039425491
288.9722222222222 115.0 10.62740087355701
288.9722222222222 115.0 13.204556620079774
288.9722222222222 115.0 16.31165758810932
288.9722222222222 115.0 20.07340264926414
288.9722222222222 115.0 24.64076384123113
288.9722222222222 115.0 30.197045405736844
288.9722222222222 115.0 36.965240431392644
288.9722222222222 115.0 45.21698034932272
288.9722222222222 165.0 0.49994011078027056
288.9722222222222 165.0 1.5198846843952143
288.9722222222222 165.0 2.6008275670720282
288.9722222222222 165.0 3.786150792140422
288.9722222222222 165.0 5.1234255425745205
288.9722222222222 165.0 6.666321349599367
288.9722222222222 165.0 8.476760039425491
288.9722222222222 165.0 10.62740087355701
288.9722222222222 165.0 13.204556620079774
288.9722222222222 165.0 16.31165758810932
288.9722222222222 165.0 20.07340264926414
288.9722222222222 165.0 24.64076384123113
288.9722222222222 165.0 30.197045405736844
288.9722222222222 165.0 36.965240431392644
288.9722222222222 165.0 45.21698034932272
288.9722222222222 215.0 0.49994011078027056
288.9722222222222 215.0 1.5198846843952143
288.9722222222222 215.0 2.6008275670720282
288.9722222222222 215.0 3.786150792140422
288.9722222222222 215.0 5.1234255425745205
288.9722222222222 215.0 6.666321349599367
288.9722222222222 215.0 8.476760039425491
288.9722222222222 215.0 10.62740087355701
288.9722222222222 215.0 13.204556620079774
288.9722222222222 215.0 16.31165758810932
288.9722222222222 215.0 20.07340264926414
288.9722222222222 215.0 24.64076384123113
288.9722222222222 215.0 30.197045405736844
288.9722222222222 215.0 36.965240431392644
288.9722222222222 215.0 45.21698034932272
288.9722222222222 265.0 0.49994011078027056
288.9722222222222 265.0 1.5198846843952143
288.9722222222222 265.0 2.6008275670720282
288.9722222222222 265.0 3.786150792140422
288.9722222222222 265.0 5.1234255425745205
288.9722222222222 265.0 6.666321349599367
288.9722222222222 265.0 8.476760039425491
288.9722222222222 265.0 10.62740087355701
288.9722222222222 265.0 13.204556620079774
288.9722222222222 265.0 16.31165758810932
288.9722222222222 265.0 20.07340264926414
288.9722222222222 265.0 24.64076384123113
288.9722222222222 265.0 30.197045405736844
288.9722222222222 265.0 36.965240431392644
288.9722222222222 265.0 45.21698034932272
288.9722222222222 315.0 0.49994011078027056
288.9722222222222 315.0 1.5198846843952143
288.9722222222222 315.0 2.6008275670720282
288.9722222222222 315.0 3.786150792140422
288.9722222222222 315.0 5.1234255425745205
288.9722222222222 315.0 6.666321349599367
288.9722222222222 315.0 8.476760039425491
288.9722222222222 315.0 10.62740087355701
288.9722222222222 315.0 13.204556620079774
288.9722222222222 315.0 16.31165758810932
288.9722222222222 315.0 20.07340264926414
288.9722222222222 315.0 24.64076384123113
288.9722222222222 315.0 30.197045405736844
288.9722222222222 315.0 36.965240431392644
288.9722222222222 315.0 45.21698034932272
288.9722222222222 365.0 0.49994011078027056
288.9722222222222 365.0 1.5198846843952143
288.9722222222222 365.0 2.6008275670720282
288.9722222222222 365.0 3.786150792140422
288.9722222222222 365.0 5.1234255425745205
288.9722222222222 365.0 6.666321349599367
288.9722222222222 365.0 8.476760039425491
288.9722222222222 365.0 10.62740087355701
288.9722222222222 365.0 13.204556620079774
288.9722222222222 365.0 16.31165758810932
288.9722222222222 365.0 20.07340264926414
288.9722222222222 365.0 24.64076384123113
288.9722222222222 365.0 30.197045405736844
288.9722222222222 365.0 36.965240431392644
288.9722222222222 365.0 45.21698034932272
288.9722222222222 415.0 0.49994011078027056
288.9722222222222 415.0 1.5198846843952143
288.9722222222222 415.0 2.6008275670720282
288.9722222222222 415.0 3.786150792140422
288.9722222222222 415.0 5.1234255425745205
288.9722222222222 415.0 6.666321349599367
288.9722222222222 415.0 8.476760039425491
288.9722222222222 415.0 10.62740087355701
288.9722222222222 415.0 13.204556620079774
288.9722222222222 415.0 16.31165758810932
288.9722222222222 415.0 20.07340264926414
288.9722222222222 415.0 24.64076384123113
288.9722222222222 415.0 30.197045405736844
288.9722222222222 415.0 36.965240431392644
288.9722222222222 415.0 45.21698034932272
288.9722222222222 465.0 0.49994011078027056
288.9722222222222 465.0 1.5198846843952143
288.9722222222222 465.0 2.6008275670720282
288.9722222222222 465.0 3.786150792140422
288.9722222222222 465.0 5.1234255425745205
288.9722222222222 465.0 6.666321349599367
288.9722222222222 465.0 8.476760039425491
288.9722222222222 465.0 10.62740087355701
288.9722222222222 465.0 13.204556620079774
288.9722222222222 465.0 16.31165758810932
288.9722222222222 465.0 20.07340264926414
288.9722222222222 465.0 24.64076384123113
288.9722222222222 465.0 30.197045405736844
288.9722222222222 465.0 36.965240431392644
288.9722222222222 465.0 45.21698034932272
288.9722222222222 515.0 0.49994011078027056
288.9722222222222 515.0 1.5198846843952143
288.9722222222222 515.0 2.6008275670720282
288.9722222222222 515.0 3.786150792140422
288.9722222222222 515.0 5.1234255425745205
288.9722222222222 515.0 6.666321349599367
288.9722222222222 515.0 8.476760039425491
288.9722222222222 515.0 10.62740087355701
288.9722222222222 515.0 13.204556620079774
288.9722222222222 515.0 16.31165758810932
288.9722222222222 515.0 20.07340264926414
288.9722222222222 515.0 24.64076384123113
288.9722222222222 515.0 30.197045405736844
288.9722222222222 515.0 36.965240431392644
288.9722222222222 515.0 45.21698034932272
288.9722222222222 565.0 0.49994011078027056
288.9722222222222 565.0 1.5198846843952143
288.9722222222222 565.0 2.6008275670720282
288.9722222222222 565.0 3.786150792140422
288.9722222222222 565.0 5.1234255425745205
288.9722222222222 565.0 6.666321349599367
288.9722222222222 565.0 8.476760039425491
288.9722222222222 565.0 10.62740087355701
288.9722222222222 565.0 13.204556620079774
288.9722222222222 565.0 16.31165758810932
288.9722222222222 565.0 20.07340264926414
288.9722222222222 565.0 24.64076384123113
288.9722222222222 565.0 30.197045405736844
288.9722222222222 565.0 36.965240431392644
288.9722222222222 565.0 45.21698034932272
288.9722222222222 615.0 0.49994011078027056
288.9722222222222 615.0 1.5198846843952143
288.9722222222222 615.0 2.6008275670720282
288.9722222222222 615.0 3.786150792140422
288.9722222222222 615.0 5.1234255425745205
288.9722222222222 615.0 6.666321349599367
288.9722222222222 615.0 8.476760039425491
288.9722222222222 615.0 10.62740087355701
288.9722222222222 615.0 13.204556620079774
288.9722222222222 615.0 16.31165758810932
288.9722222222222 615.0 20.07340264926414
288.9722222222222 615.0 24.64076384123113
288.9722222222222 615.0 30.197045405736844
288.9722222222222 615.0 36.965240431392644
288.9722222222222 615.0 45.21698034932272
288.9722222222222 665.0 0.49994011078027056
288.9722222222222 665.0 1.5198846843952143
288.9722222222222 665.0 2.6008275670720282
288.9722222222222 665.0 3.786150792140422
288.9722222222222 665.0 5.1234255425745205
288.9722222222222 665.0 6.666321349599367
288.9722222222222 665.0 8.476760039425491
288.9722222222222 665.0 10.62740087355701
288.9722222222222 665.0 13.204556620079774
288.9722222222222 665.0 16.31165758810932
288.9722222222222 665.0 20.07340264926414
288.9722222222222 665.0 24.64076384123113
288.9722222222222 665.0 30.197045405736844
288.9722222222222 665.0 36.965240431392644
288.9722222222222 665.0 45.21698034932272
288.9722222222222 715.0 0.49994011078027056
288.9722222222222 715.0 1.5198846843952143
288.9722222222222 715.0 2.6008275670720282
288.9722222222222 715.0 3.786150792140422
288.9722222222222 715.0 5.1234255425745205
288.9722222222222 715.0 6.666321349599367
288.9722222222222 715.0 8.476760039425491
288.9722222222222 715.0 10.62740087355701
288.9722222222222 715.0 13.204556620079774
288.9722222222222 715.0 16.31165758810932
288.9722222222222 715.0 20.07340264926414
288.9722222222222 715.0 24.64076384123113
288.9722222222222 715.0 30.197045405736844
288.9722222222222 715.0 36.965240431392644
288.9722222222222 715.0 45.21698034932272
288.9722222222222 765.0 0.49994011078027056
288.9722222222222 765.0 1.5198846843952143
288.9722222222222 765.0 2.6008275670720282
288.9722222222222 765.0 3.786150792140422
288.9722222222222 765.0 5.1234255425745205
288.9722222222222 765.0 6.666321349599367
288.9722222222222 765.0 8.476760039425491
288.9722222222222 765.0 10.62740087355701
288.9722222222222 765.0 13.204556620079774
288.9722222222222 765.0 16.31165758810932
288.9722222222222 765.0 20.07340264926414
288.9722222222222 765.0 24.64076384123113
288.9722222222222 765.0 30.197045405736844
288.9722222222222 765.0 36.965240431392644
288.9722222222222 765.0 45.21698034932272
288.9722222222222 815.0 0.49994011078027056
288.9722222222222 815.0 1.5198846843952143
288.9722222222222 815.0 2.6008275670720282
288.9722222222222 815.0 3.786150792140422
288.9722222222222 815.0 5.1234255425745205
288.9722222222222 815.0 6.666321349599367
288.9722222222222 815.0 8.476760039425491
288.9722222222222 815.0 10.62740087355701
288.9722222222222 815.0 13.204556620079774
288.9722222222222 815.0 16.31165758810932
288.9722222222222 815.0 20.07340264926414
288.9722222222222 815.0 24.64076384123113
288.9722222222222 815.0 30.197045405736844
288.9722222222222 815.0 36.965240431392644
288.9722222222222 815.0 45.21698034932272
288.9722222222222 865.0 0.49994011078027056
288.9722222222222 865.0 1.5198846843952143
288.9722222222222 865.0 2.6008275670720282
288.9722222222222 865.0 3.786150792140422
288.9722222222222 865.0 5.1234255425745205
288.9722222222222 865.0 6.666321349599367
288.9722222222222 865.0 8.476760039425491
288.9722222222222 865.0 10.62740087355701
288.9722222222222 865.0 13.204556620079774
288.9722222222222 865.0 16.31165758810932
288.9722222222222 865.0 20.07340264926414
288.9722222222222 865.0 24.64076384123113
288.9722222222222 865.0 30.197045405736844
288.9722222222222 865.0 36.965240431392644
288.9722222222222 865.0 45.21698034932272
288.9722222222222 915.0 0.49994011078027056
288.9722222222222 915.0 1.5198846843952143
288.9722222222222 915.0 2.6008275670720282
288.9722222222222 915.0 3.786150792140422
288.9722222222222 915.0 5.1234255425745205
288.9722222222222 915.0 6.666321349599367
288.9722222222222 915.0 8.476760039425491
288.9722222222222 915.0 10.62740087355701
288.9722222222222 915.0 13.204556620079774
288.9722222222222 915.0 16.31165758810932
288.9722222222222 915.0 20.07340264926414
288.9722222222222 915.0 24.64076384123113
288.9722222222222 915.0 30.197045405736844
288.9722222222222 915.0 36.965240431392644
288.9722222222222 915.0 45.21698034932272
288.9722222222222 965.0 0.49994011078027056
288.9722222222222 965.0 1.5198846843952143
288.9722222222222 965.0 2.6008275670720282
288.9722222222222 965.0 3.786150792140422
288.9722222222222 965.0 5.1234255425745205
288.9722222222222 965.0 6.666321349599367
288.9722222222222 965.0 8.476760039425491
288.9722222222222 965.0 10.62740087355701
288.9722222222222 965.0 13.204556620079774
288.9722222222222 965.0 16.31165758810932
288.9722222222222 965.0 20.07340264926414
288.9722222222222 965.0 24.64076384123113
288.9722222222222 965.0 30.197045405736844
288.9722222222222 965.0 36.965240431392644
288.9722222222222 965.0 45.21698034932272
339.69444444444446 15.0 0.49994011078027056
339.69444444444446 15.0 1.5198846843952143
339.69444444444446 15.0 2.6008275670720282
339.69444444444446 15.0 3.786150792140422
339.69444444444446 15.0 5.1234255425745205
339.69444444444446 15.0 6.666321349599367
339.69444444444446 15.0 8.476760039425491
339.69444444444446 15.0 10.62740087355701
339.69444444444446 15.0 13.204556620079774
339.69444444444446 15.0 16.31165758810932
339.69444444444446 15.0 20.07340264926414
339.69444444444446 15.0 24.64076384123113
339.69444444444446 15.0 30.197045405736844
339.69444444444446 15.0 36.965240431392644
339.69444444444446 15.0 45.21698034932272
339.69444444444446 65.0 0.49994011078027056
339.69444444444446 65.0 1.5198846843952143
339.69444444444446 65.0 2.6008275670720282
339.69444444444446 65.0 3.786150792140422
339.69444444444446 65.0 5.1234255425745205
339.69444444444446 65.0 6.666321349599367
339.69444444444446 65.0 8.476760039425491
339.69444444444446 65.0 10.62740087355701
339.69444444444446 65.0 13.204556620079774
339.69444444444446 65.0 16.31165758810932
339.69444444444446 65.0 20.07340264926414
339.69444444444446 65.0 24.64076384123113
339.69444444444446 65.0 30.197045405736844
339.69444444444446 65.0 36.965240431392644
339.69444444444446 65.0 45.21698034932272
339.69444444444446 115.0 0.49994011078027056
339.69444444444446 115.0 1.5198846843952143
339.69444444444446 115.0 2.6008275670720282
339.69444444444446 115.0 3.786150792140422
339.69444444444446 115.0 5.1234255425745205
339.69444444444446 115.0 6.666321349599367
339.69444444444446 115.0 8.476760039425491
339.69444444444446 115.0 10.62740087355701
339.69444444444446 115.0 13.204556620079774
339.69444444444446 115.0 16.31165758810932
339.69444444444446 115.0 20.07340264926414
339.69444444444446 115.0 24.64076384123113
339.69444444444446 115.0 30.197045405736844
339.69444444444446 115.0 36.965240431392644
339.69444444444446 115.0 45.21698034932272
339.69444444444446 165.0 0.49994011078027056
339.69444444444446 165.0 1.5198846843952143
339.69444444444446 165.0 2.6008275670720282
339.69444444444446 165.0 3.786150792140422
339.69444444444446 165.0 5.1234255425745205
339.69444444444446 165.0 6.666321349599367
339.69444444444446 165.0 8.476760039425491
339.69444444444446 165.0 10.62740087355701
339.69444444444446 165.0 13.204556620079774
339.69444444444446 165.0 16.31165758810932
339.69444444444446 165.0 20.07340264926414
339.69444444444446 165.0 24.64076384123113
339.69444444444446 165.0 30.197045405736844
339.69444444444446 165.0 36.965240431392644
339.69444444444446 165.0 45.21698034932272
339.69444444444446 215.0 0.49994011078027056
339.69444444444446 215.0 1.5198846843952143
339.69444444444446 215.0 2.6008275670720282
339.69444444444446 215.0 3.786150792140422
339.69444444444446 215.0 5.1234255425745205
339.69444444444446 215.0 6.666321349599367
339.69444444444446 215.0 8.476760039425491
339.69444444444446 215.0 10.62740087355701
339.69444444444446 215.0 13.204556620079774
339.69444444444446 215.0 16.31165758810932
339.69444444444446 215.0 20.07340264926414
339.69444444444446 215.0 24.64076384123113
339.69444444444446 215.0 30.197045405736844
339.69444444444446 215.0 36.965240431392644
339.69444444444446 215.0 45.21698034932272
339.69444444444446 265.0 0.49994011078027056
339.69444444444446 265.0 1.5198846843952143
339.69444444444446 265.0 2.6008275670720282
339.69444444444446 265.0 3.786150792140422
339.69444444444446 265.0 5.1234255425745205
339.69444444444446 265.0 6.666321349599367
339.69444444444446 265.0 8.476760039425491
339.69444444444446 265.0 10.62740087355701
339.69444444444446 265.0 13.204556620079774
339.69444444444446 265.0 16.31165758810932
339.69444444444446 265.0 20.07340264926414
339.69444444444446 265.0 24.64076384123113
339.69444444444446 265.0 30.197045405736844
339.69444444444446 265.0 36.965240431392644
339.69444444444446 265.0 45.21698034932272
339.69444444444446 315.0 0.49994011078027056
339.69444444444446 315.0 1.5198846843952143
339.69444444444446 315.0 2.6008275670720282
339.69444444444446 315.0 3.786150792140422
339.69444444444446 315.0 5.1234255425745205
339.69444444444446 315.0 6.666321349599367
339.69444444444446 315.0 8.476760039425491
339.69444444444446 315.0 10.62740087355701
339.69444444444446 315.0 13.204556620079774
339.69444444444446 315.0 16.31165758810932
339.69444444444446 315.0 20.07340264926414
339.69444444444446 315.0 24.64076384123113
339.69444444444446 315.0 30.197045405736844
339.69444444444446 315.0 36.965240431392644
339.69444444444446 315.0 45.21698034932272
339.69444444444446 365.0 0.49994011078027056
339.69444444444446 365.0 1.5198846843952143
339.69444444444446 365.0 2.6008275670720282
339.69444444444446 365.0 3.786150792140422
339.69444444444446 365.0 5.1234255425745205
339.69444444444446 365.0 6.666321349599367
339.69444444444446 365.0 8.476760039425491
339.69444444444446 365.0 10.62740087355701
339.69444444444446 365.0 13.204556620079774
339.69444444444446 365.0 16.31165758810932
339.69444444444446 365.0 20.07340264926414
339.69444444444446 365.0 24.64076384123113
339.69444444444446 365.0 30.197045405736844
339.69444444444446 365.0 36.965240431392644
339.69444444444446 365.0 45.21698034932272
339.69444444444446 415.0 0.49994011078027056
339.69444444444446 415.0 1.5198846843952143
339.69444444444446 415.0 2.6008275670720282
339.69444444444446 415.0 3.786150792140422
339.69444444444446 415.0 5.1234255425745205
339.69444444444446 415.0 6.666321349599367
339.69444444444446 415.0 8.476760039425491
339.69444444444446 415.0 10.62740087355701
339.69444444444446 415.0 13.204556620079774
339.69444444444446 415.0 16.31165758810932
339.69444444444446 415.0 20.07340264926414
339.69444444444446 415.0 24.64076384123113
339.69444444444446 415.0 30.197045405736844
339.69444444444446 415.0 36.965240431392644
339.69444444444446 415.0 45.21698034932272
339.69444444444446 465.0 0.49994011078027056
339.69444444444446 465.0 1.5198846843952143
339.69444444444446 465.0 2.6008275670720282
339.69444444444446 465.0 3.786150792140422
339.69444444444446 465.0 5.1234255425745205
339.69444444444446 465.0 6.666321349599367
339.69444444444446 465.0 8.476760039425491
339.69444444444446 465.0 10.62740087355701
339.69444444444446 465.0 13.204556620079774
339.69444444444446 465.0 16.31165758810932
339.69444444444446 465.0 20.07340264926414
339.69444444444446 465.0 24.64076384123113
339.69444444444446 465.0 30.197045405736844
339.69444444444446 465.0 36.965240431392644
339.69444444444446 465.0 45.21698034932272
339.69444444444446 515.0 0.49994011078027056
339.69444444444446 515.0 1.5198846843952143
339.69444444444446 515.0 2.6008275670720282
339.69444444444446 515.0 3.786150792140422
339.69444444444446 515.0 5.1234255425745205
339.69444444444446 515.0 6.666321349599367
339.69444444444446 515.0 8.476760039425491
339.69444444444446 515.0 10.62740087355701
339.69444444444446 515.0 13.204556620079774
339.69444444444446 515.0 16.31165758810932
339.69444444444446 515.0 20.07340264926414
339.69444444444446 515.0 24.64076384123113
339.69444444444446 515.0 30.197045405736844
339.69444444444446 515.0 36.965240431392644
339.69444444444446 515.0 45.21698034932272
339.69444444444446 565.0 0.49994011078027056
339.69444444444446 565.0 1.5198846843952143
339.69444444444446 565.0 2.6008275670720282
339.69444444444446 565.0 3.786150792140422
339.69444444444446 565.0 5.1234255425745205
339.69444444444446 565.0 6.666321349599367
339.69444444444446 565.0 8.476760039425491
339.69444444444446 565.0 10.62740087355701
339.69444444444446 565.0 13.204556620079774
339.69444444444446 565.0 16.31165758810932
339.69444444444446 565.0 20.07340264926414
339.69444444444446 565.0 24.64076384123113
339.69444444444446 565.0 30.197045405736844
339.69444444444446 565.0 36.965240431392644
339.69444444444446 565.0 45.21698034932272
339.69444444444446 615.0 0.49994011078027056
339.69444444444446 615.0 1.5198846843952143
339.69444444444446 615.0 2.6008275670720282
339.69444444444446 615.0 3.786150792140422
339.69444444444446 615.0 5.1234255425745205
339.69444444444446 615.0 6.666321349599367
339.69444444444446 615.0 8.476760039425491
339.69444444444446 615.0 10.62740087355701
339.69444444444446 615.0 13.204556620079774
339.69444444444446 615.0 16.31165758810932
339.69444444444446 615.0 20.07340264926414
339.69444444444446 615.0 24.64076384123113
339.69444444444446 615.0 30.197045405736844
339.69444444444446 615.0 36.965240431392644
339.69444444444446 615.0 45.21698034932272
339.69444444444446 665.0 0.49994011078027056
339.69444444444446 665.0 1.5198846843952143
339.69444444444446 665.0 2.6008275670720282
339.69444444444446 665.0 3.786150792140422
339.69444444444446 665.0 5.1234255425745205
339.69444444444446 665.0 6.666321349599367
339.69444444444446 665.0 8.476760039425491
339.69444444444446 665.0 10.62740087355701
339.69444444444446 665.0 13.204556620079774
339.69444444444446 665.0 16.31165758810932
339.69444444444446 665.0 20.07340264926414
339.69444444444446 665.0 24.64076384123113
339.69444444444446 665.0 30.197045405736844
339.69444444444446 665.0 36.965240431392644
339.69444444444446 665.0 45.21698034932272
339.69444444444446 715.0 0.49994011078027056
339.69444444444446 715.0 1.5198846843952143
339.69444444444446 715.0 2.6008275670720282
339.69444444444446 715.0 3.786150792140422
339.69444444444446 715.0 5.1234255425745205
339.69444444444446 715.0 6.666321349599367
339.69444444444446 715.0 8.476760039425491
339.69444444444446 715.0 10.62740087355701
339.69444444444446 715.0 13.204556620079774
339.69444444444446 715.0 16.31165758810932
339.69444444444446 715.0 20.07340264926414
339.69444444444446 715.0 24.64076384123113
339.69444444444446 715.0 30.197045405736844
339.69444444444446 715.0 36.965240431392644
339.69444444444446 715.0 45.21698034932272
339.69444444444446 765.0 0.49994011078027056
339.69444444444446 765.0 1.5198846843952143
339.69444444444446 765.0 2.6008275670720282
339.69444444444446 765.0 3.786150792140422
339.69444444444446 765.0 5.1234255425745205
339.69444444444446 765.0 6.666321349599367
339.69444444444446 765.0 8.476760039425491
339.69444444444446 765.0 10.62740087355701
339.69444444444446 765.0 13.204556620079774
339.69444444444446 765.0 16.31165758810932
339.69444444444446 765.0 20.07340264926414
339.69444444444446 765.0 24.64076384123113
339.69444444444446 765.0 30.197045405736844
339.69444444444446 765.0 36.965240431392644
339.69444444444446 765.0 45.21698034932272
339.69444444444446 815.0 0.49994011078027056
339.69444444444446 815.0 1.5198846843952143
339.69444444444446 815.0 2.6008275670720282
339.69444444444446 815.0 3.786150792140422
339.69444444444446 815.0 5.1234255425745205
339.69444444444446 815.0 6.666321349599367
339.69444444444446 815.0 8.476760039425491
339.69444444444446 815.0 10.62740087355701
339.69444444444446 815.0 13.204556620079774
339.69444444444446 815.0 16.31165758810932
339.69444444444446 815.0 20.07340264926414
339.69444444444446 815.0 24.64076384123113
339.69444444444446 815.0 30.197045405736844
339.69444444444446 815.0 36.965240431392644
339.69444444444446 815.0 45.21698034932272
339.69444444444446 865.0 0.49994011078027056
339.69444444444446 865.0 1.5198846843952143
339.69444444444446 865.0 2.6008275670720282
339.69444444444446 865.0 3.786150792140422
339.69444444444446 865.0 5.1234255425745205
339.69444444444446 865.0 6.666321349599367
339.69444444444446 865.0 8.476760039425491
339.69444444444446 865.0 10.62740087355701
339.69444444444446 865.0 13.204556620079774
339.69444444444446 865.0 16.31165758810932
339.69444444444446 865.0 20.07340264926414
339.69444444444446 865.0 24.64076384123113
339.69444444444446 865.0 30.197045405736844
339.69444444444446 865.0 36.965240431392644
339.69444444444446 865.0 45.21698034932272
339.69444444444446 915.0 0.49994011078027056
339.69444444444446 915.0 1.5198846843952143
339.69444444444446 915.0 2.6008275670720282
339.69444444444446 915.0 3.786150792140422
339.69444444444446 915.0 5.1234255425745205
339.69444444444446 915.0 6.666321349599367
339.69444444444446 915.0 8.476760039425491
339.69444444444446 915.0 10.62740087355701
339.69444444444446 915.0 13.204556620079774
339.69444444444446 915.0 16.31165758810932
339.69444444444446 915.0 20.07340264926414
339.69444444444446 915.0 24.64076384123113
339.69444444444446 915.0 30.197045405736844
339.69444444444446 915.0 36.965240431392644
339.69444444444446 915.0 45.21698034932272
339.69444444444446 965.0 0.49994011078027056
339.69444444444446 965.0 1.5198846843952143
339.69444444444446 965.0 2.6008275670720282
339.69444444444446 965.0 3.786150792140422
339.69444444444446 965.0 5.1234255425745205
339.69444444444446 965.0 6.666321349599367
339.69444444444446 965.0 8.476760039425491
339.69444444444446 965.0 10.62740087355701
339.69444444444446 965.0 13.204556620079774
339.69444444444446 965.0 16.31165758810932
339.69444444444446 965.0 20.07340264926414
339.69444444444446 965.0 24.64076384123113
339.69444444444446 965.0 30.197045405736844
339.69444444444446 965.0 36.965240431392644
339.69444444444446 965.0 45.21698034932272
390.41666666666663 15.0 0.49994011078027056
390.41666666666663 15.0 1.5198846843952143
390.41666666666663 15.0 2.6008275670720282
390.41666666666663 15.0 3.786150792140422
390.41666666666663 15.0 5.1234255425745205
390.41666666666663 15.0 6.666321349599367
390.41666666666663 15.0 8.476760039425491
390.41666666666663 15.0 10.62740087355701
390.41666666666663 15.0 13.204556620079774
390.41666666666663 15.0 16.31165758810932
390.41666666666663 15.0 20.07340264926414
390.41666666666663 15.0 24.64076384123113
390.41666666666663 15.0 30.197045405736844
390.41666666666663 15.0 36.965240431392644
390.41666666666663 15.0 45.21698034932272
390.41666666666663 65.0 0.49994011078027056
390.41666666666663 65.0 1.5198846843952143
390.41666666666663 65.0 2.6008275670720282
390.41666666666663 65.0 3.786150792140422
390.41666666666663 65.0 5.1234255425745205
390.41666666666663 65.0 6.666321349599367
390.41666666666663 65.0 8.476760039425491
390.41666666666663 65.0 10.62740087355701
390.41666666666663 65.0 13.204556620079774
390.41666666666663 65.0 16.31165758810932
390.41666666666663 65.0 20.07340264926414
390.41666666666663 65.0 24.64076384123113
390.41666666666663 65.0 30.197045405736844
390.41666666666663 65.0 36.965240431392644
390.41666666666663 65.0 45.21698034932272
390.41666666666663 115.0 0.49994011078027056
390.41666666666663 115.0 1.5198846843952143
390.41666666666663 115.0 2.6008275670720282
390.41666666666663 115.0 3.786150792140422
390.41666666666663 115.0 5.1234255425745205
390.41666666666663 115.0 6.666321349599367
390.41666666666663 115.0 8.476760039425491
390.41666666666663 115.0 10.62740087355701
390.41666666666663 115.0 13.204556620079774
390.41666666666663 115.0 16.31165758810932
390.41666666666663 115.0 20.07340264926414
390.41666666666663 115.0 24.64076384123113
390.41666666666663 115.0 30.197045405736844
390.41666666666663 115.0 36.965240431392644
390.41666666666663 115.0 45.21698034932272
390.41666666666663 165.0 0.49994011078027056
390.41666666666663 165.0 1.5198846843952143
390.41666666666663 165.0 2.6008275670720282
390.41666666666663 165.0 3.786150792140422
390.41666666666663 165.0 5.1234255425745205
390.41666666666663 165.0 6.666321349599367
390.41666666666663 165.0 8.476760039425491
390.41666666666663 165.0 10.62740087355701
390.41666666666663 165.0 13.204556620079774
390.41666666666663 165.0 16.31165758810932
390.41666666666663 165.0 20.07340264926414
390.41666666666663 165.0 24.64076384123113
390.41666666666663 165.0 30.197045405736844
390.41666666666663 165.0 36.965240431392644
390.41666666666663 165.0 45.21698034932272
390.41666666666663 215.0 0.49994011078027056
390.41666666666663 215.0 1.5198846843952143
390.41666666666663 215.0 2.6008275670720282
390.41666666666663 215.0 3.786150792140422
390.41666666666663 215.0 5.1234255425745205
390.41666666666663 215.0 6.666321349599367
390.41666666666663 215.0 8.476760039425491
390.41666666666663 215.0 10.62740087355701
390.41666666666663 215.0 13.204556620079774
390.41666666666663 215.0 16.31165758810932
390.41666666666663 215.0 20.07340264926414
390.41666666666663 215.0 24.64076384123113
390.41666666666663 215.0 30.197045405736844
390.41666666666663 215.0 36.965240431392644
390.41666666666663 215.0 45.21698034932272
390.41666666666663 265.0 0.49994011078027056
390.41666666666663 265.0 1.5198846843952143
390.41666666666663 265.0 2.6008275670720282
390.41666666666663 265.0 3.786150792140422
390.41666666666663 265.0 5.1234255425745205
390.41666666666663 265.0 6.666321349599367
390.41666666666663 265.0 8.476760039425491
390.41666666666663 265.0 10.62740087355701
390.41666666666663 265.0 13.204556620079774
390.41666666666663 265.0 16.31165758810932
390.41666666666663 265.0 20.07340264926414
390.41666666666663 265.0 24.64076384123113
390.41666666666663 265.0 30.197045405736844
390.41666666666663 265.0 36.965240431392644
390.41666666666663 265.0 45.21698034932272
390.41666666666663 315.0 0.49994011078027056
390.41666666666663 315.0 1.5198846843952143
390.41666666666663 315.0 2.6008275670720282
390.41666666666663 315.0 3.786150792140422
390.41666666666663 315.0 5.1234255425745205
390.41666666666663 315.0 6.666321349599367
390.41666666666663 315.0 8.476760039425491
390.41666666666663 315.0 10.62740087355701
390.41666666666663 315.0 13.204556620079774
390.41666666666663 315.0 16.31165758810932
390.41666666666663 315.0 20.07340264926414
390.41666666666663 315.0 24.64076384123113
390.41666666666663 315.0 30.197045405736844
390.41666666666663 315.0 36.965240431392644
390.41666666666663 315.0 45.21698034932272
390.41666666666663 365.0 0.49994011078027056
390.41666666666663 365.0 1.5198846843952143
390.41666666666663 365.0 2.6008275670720282
390.41666666666663 365.0 3.786150792140422
390.41666666666663 365.0 5.1234255425745205
390.41666666666663 365.0 6.666321349599367
390.41666666666663 365.0 8.476760039425491
390.41666666666663 365.0 10.62740087355701
390.41666666666663 365.0 13.204556620079774
390.41666666666663 365.0 16.31165758810932
390.41666666666663 365.0 20.07340264926414
390.41666666666663 365.0 24.64076384123113
390.41666666666663 365.0 30.197045405736844
390.41666666666663 365.0 36.965240431392644
390.41666666666663 365.0 45.21698034932272
390.41666666666663 415.0 0.49994011078027056
390.41666666666663 415.0 1.5198846843952143
390.41666666666663 415.0 2.6008275670720282
390.41666666666663 415.0 3.786150792140422
390.41666666666663 415.0 5.1234255425745205
390.41666666666663 415.0 6.666321349599367
390.41666666666663 415.0 8.476760039425491
390.41666666666663 415.0 10.62740087355701
390.41666666666663 415.0 13.204556620079774
390.41666666666663 415.0 16.31165758810932
390.41666666666663 415.0 20.07340264926414
390.41666666666663 415.0 24.64076384123113
390.41666666666663 415.0 30.197045405736844
390.41666666666663 415.0 36.965240431392644
390.41666666666663 415.0 45.21698034932272
390.41666666666663 465.0 0.49994011078027056
390.41666666666663 465.0 1.5198846843952143
390.41666666666663 465.0 2.6008275670720282
390.41666666666663 465.0 3.786150792140422
390.41666666666663 465.0 5.1234255425745205
390.41666666666663 465.0 6.666321349599367
390.41666666666663 465.0 8.476760039425491
390.41666666666663 465.0 10.62740087355701
390.41666666666663 465.0 13.204556620079774
390.41666666666663 465.0 16.31165758810932
390.41666666666663 465.0 20.07340264926414
390.41666666666663 465.0 24.64076384123113
390.41666666666663 465.0 30.197045405736844
390.41666666666663 465.0 36.965240431392644
390.41666666666663 465.0 45.21698034932272
390.41666666666663 515.0 0.49994011078027056
390.41666666666663 515.0 1.5198846843952143
390.41666666666663 515.0 2.6008275670720282
390.41666666666663 515.0 3.786150792140422
390.41666666666663 515.0 5.1234255425745205
390.41666666666663 515.0 6.666321349599367
390.41666666666663 515.0 8.476760039425491
390.41666666666663 515.0 10.62740087355701
390.41666666666663 515.0 13.204556620079774
390.41666666666663 515.0 16.31165758810932
390.41666666666663 515.0 20.07340264926414
390.41666666666663 515.0 24.64076384123113
390.41666666666663 515.0 30.197045405736844
390.41666666666663 515.0 36.965240431392644
390.41666666666663 515.0 45.21698034932272
390.41666666666663 565.0 0.49994011078027056
390.41666666666663 565.0 1.5198846843952143
390.41666666666663 565.0 2.6008275670720282
390.41666666666663 565.0 3.786150792140422
390.41666666666663 565.0 5.1234255425745205
390.41666666666663 565.0 6.666321349599367
390.41666666666663 565.0 8.476760039425491
390.41666666666663 565.0 10.62740087355701
390.41666666666663 565.0 13.204556620079774
390.41666666666663 565.0 16.31165758810932
390.41666666666663 565.0 20.07340264926414
390.41666666666663 565.0 24.64076384123113
390.41666666666663 565.0 30.197045405736844
390.41666666666663 565.0 36.965240431392644
390.41666666666663 565.0 45.21698034932272
390.41666666666663 615.0 0.49994011078027056
390.41666666666663 615.0 1.5198846843952143
390.41666666666663 615.0 2.6008275670720282
390.41666666666663 615.0 3.786150792140422
390.41666666666663 615.0 5.1234255425745205
390.41666666666663 615.0 6.666321349599367
390.41666666666663 615.0 8.476760039425491
390.41666666666663 615.0 10.62740087355701
390.41666666666663 615.0 13.204556620079774
390.41666666666663 615.0 16.31165758810932
390.41666666666663 615.0 20.07340264926414
390.41666666666663 615.0 24.64076384123113
390.41666666666663 615.0 30.197045405736844
390.41666666666663 615.0 36.965240431392644
390.41666666666663 615.0 45.21698034932272
390.41666666666663 665.0 0.49994011078027056
390.41666666666663 665.0 1.5198846843952143
390.41666666666663 665.0 2.6008275670720282
390.41666666666663 665.0 3.786150792140422
390.41666666666663 665.0 5.1234255425745205
390.41666666666663 665.0 6.666321349599367
390.41666666666663 665.0 8.476760039425491
390.41666666666663 665.0 10.62740087355701
390.41666666666663 665.0 13.204556620079774
390.41666666666663 665.0 16.31165758810932
390.41666666666663 665.0 20.07340264926414
390.41666666666663 665.0 24.64076384123113
390.41666666666663 665.0 30.197045405736844
390.41666666666663 665.0 36.965240431392644
390.41666666666663 665.0 45.21698034932272
390.41666666666663 715.0 0.49994011078027056
390.41666666666663 715.0 1.5198846843952143
390.41666666666663 715.0 2.6008275670720282
390.41666666666663 715.0 3.786150792140422
390.41666666666663 715.0 5.1234255425745205
390.41666666666663 715.0 6.666321349599367
390.41666666666663 715.0 8.476760039425491
390.41666666666663 715.0 10.62740087355701
390.41666666666663 715.0 13.204556620079774
390.41666666666663 715.0 16.31165758810932
390.41666666666663 715.0 20.07340264926414
390.41666666666663 715.0 24.64076384123113
390.41666666666663 715.0 30.197045405736844
390.41666666666663 715.0 36.965240431392644
390.41666666666663 715.0 45.21698034932272
390.41666666666663 765.0 0.49994011078027056
390.41666666666663 765.0 1.5198846843952143
390.41666666666663 765.0 2.6008275670720282
390.41666666666663 765.0 3.786150792140422
390.41666666666663 765.0 5.1234255425745205
390.41666666666663 765.0 6.666321349599367
390.41666666666663 765.0 8.476760039425491
390.41666666666663 765.0 10.62740087355701
390.41666666666663 765.0 13.204556620079774
390.41666666666663 765.0 16.31165758810932
390.41666666666663 765.0 20.07340264926414
390.41666666666663 765.0 24.64076384123113
390.41666666666663 765.0 30.197045405736844
390.41666666666663 765.0 36.965240431392644
390.41666666666663 765.0 45.21698034932272
390.41666666666663 815.0 0.49994011078027056
390.41666666666663 815.0 1.5198846843952143
390.41666666666663 815.0 2.6008275670720282
390.41666666666663 815.0 3.786150792140422
390.41666666666663 815.0 5.1234255425745205
390.41666666666663 815.0 6.666321349599367
390.41666666666663 815.0 8.476760039425491
390.41666666666663 815.0 10.62740087355701
390.41666666666663 815.0 13.204556620079774
390.41666666666663 815.0 16.31165758810932
390.41666666666663 815.0 20.07340264926414
390.41666666666663 815.0 24.64076384123113
390.41666666666663 815.0 30.197045405736844
390.41666666666663 815.0 36.965240431392644
390.41666666666663 815.0 45.21698034932272
390.41666666666663 865.0 0.49994011078027056
390.41666666666663 865.0 1.5198846843952143
390.41666666666663 865.0 2.6008275670720282
390.41666666666663 865.0 3.786150792140422
390.41666666666663 865.0 5.1234255425745205
390.41666666666663 865.0 6.666321349599367
390.41666666666663 865.0 8.476760039425491
390.41666666666663 865.0 10.62740087355701
390.41666666666663 865.0 13.204556620079774
390.41666666666663 865.0 16.31165758810932
390.41666666666663 865.0 20.07340264926414
390.41666666666663 865.0 24.64076384123113
390.41666666666663 865.0 30.197045405736844
390.41666666666663 865.0 36.965240431392644
390.41666666666663 865.0 45.21698034932272
390.41666666666663 915.0 0.49994011078027056
390.41666666666663 915.0 1.5198846843952143
390.41666666666663 915.0 2.6008275670720282
390.41666666666663 915.0 3.786150792140422
390.41666666666663 915.0 5.1234255425745205
390.41666666666663 915.0 6.666321349599367
390.41666666666663 915.0 8.476760039425491
390.41666666666663 915.0 10.62740087355701
390.41666666666663 915.0 13.204556620079774
390.41666666666663 915.0 16.31165758810932
390.41666666666663 915.0 20.07340264926414
390.41666666666663 915.0 24.64076384123113
390.41666666666663 915.0 30.197045405736844
390.41666666666663 915.0 36.965240431392644
390.41666666666663 915.0 45.21698034932272
390.41666666666663 965.0 0.49994011078027056
390.41666666666663 965.0 1.5198846843952143
390.41666666666663 965.0 2.6008275670720282
390.41666666666663 965.0 3.786150792140422
390.41666666666663 965.0 5.1234255425745205
390.41666666666663 965.0 6.666321349599367
390.41666666666663 965.0 8.476760039425491
390.41666666666663 965.0 10.62740087355701
390.41666666666663 965.0 13.204556620079774
390.41666666666663 965.0 16.31165758810932
390.41666666666663 965.0 20.07340264926414
390.41666666666663 965.0 24.64076384123113
390.41666666666663 965.0 30.197045405736844
390.41666666666663 965.0 36.965240431392644
390.41666666666663 965.0 45.21698034932272
441.1388888888889 15.0 0.49994011078027056
441.1388888888889 15.0 1.5198846843952143
441.1388888888889 15.0 2.6008275670720282
441.1388888888889 15.0 3.786150792140422
441.1388888888889 15.0 5.1234255425745205
441.1388888888889 15.0 6.666321349599367
441.1388888888889 15.0 8.476760039425491
441.1388888888889 15.0 10.62740087355701
441.1388888888889 15.0 13.204556620079774
441.1388888888889 15.0 16.31165758810932
441.1388888888889 15.0 20.07340264926414
441.1388888888889 15.0 24.64076384123113
441.1388888888889 15.0 30.197045405736844
441.1388888888889 15.0 36.965240431392644
441.1388888888889 15.0 45.21698034932272
441.1388888888889 65.0 0.49994011078027056
441.1388888888889 65.0 1.5198846843952143
441.1388888888889 65.0 2.6008275670720282
441.1388888888889 65.0 3.786150792140422
441.1388888888889 65.0 5.1234255425745205
441.1388888888889 65.0 6.666321349599367
441.1388888888889 65.0 8.476760039425491
441.1388888888889 65.0 10.62740087355701
441.1388888888889 65.0 13.204556620079774
441.1388888888889 65.0 16.31165758810932
441.1388888888889 65.0 20.07340264926414
441.1388888888889 65.0 24.64076384123113
441.1388888888889 65.0 30.197045405736844
441.1388888888889 65.0 36.965240431392644
441.1388888888889 65.0 45.21698034932272
441.1388888888889 115.0 0.49994011078027056
441.1388888888889 115.0 1.5198846843952143
441.1388888888889 115.0 2.6008275670720282
441.1388888888889 115.0 3.786150792140422
441.1388888888889 115.0 5.1234255425745205
441.1388888888889 115.0 6.666321349599367
441.1388888888889 115.0 8.476760039425491
441.1388888888889 115.0 10.62740087355701
441.1388888888889 115.0 13.204556620079774
441.1388888888889 115.0 16.31165758810932
441.1388888888889 115.0 20.07340264926414
441.1388888888889 115.0 24.64076384123113
441.1388888888889 115.0 30.197045405736844
441.1388888888889 115.0 36.965240431392644
441.1388888888889 115.0 45.21698034932272
441.1388888888889 165.0 0.49994011078027056
441.1388888888889 165.0 1.5198846843952143
441.1388888888889 165.0 2.6008275670720282
441.1388888888889 165.0 3.786150792140422
441.1388888888889 165.0 5.1234255425745205
441.1388888888889 165.0 6.666321349599367
441.1388888888889 165.0 8.476760039425491
441.1388888888889 165.0 10.62740087355701
441.1388888888889 165.0 13.204556620079774
441.1388888888889 165.0 16.31165758810932
441.1388888888889 165.0 20.07340264926414
441.1388888888889 165.0 24.64076384123113
441.1388888888889 165.0 30.197045405736844
441.1388888888889 165.0 36.965240431392644
441.1388888888889 165.0 45.21698034932272
441.1388888888889 215.0 0.49994011078027056
441.1388888888889 215.0 1.5198846843952143
441.1388888888889 215.0 2.6008275670720282
441.1388888888889 215.0 3.786150792140422
441.1388888888889 215.0 5.1234255425745205
441.1388888888889 215.0 6.666321349599367
441.1388888888889 215.0 8.476760039425491
441.1388888888889 215.0 10.62740087355701
441.1388888888889 215.0 13.204556620079774
441.1388888888889 215.0 16.31165758810932
441.1388888888889 215.0 20.07340264926414
441.1388888888889 215.0 24.64076384123113
441.1388888888889 215.0 30.197045405736844
441.1388888888889 215.0 36.965240431392644
441.1388888888889 215.0 45.21698034932272
441.1388888888889 265.0 0.49994011078027056
441.1388888888889 265.0 1.5198846843952143
441.1388888888889 265.0 2.6008275670720282
441.1388888888889 265.0 3.786150792140422
441.1388888888889 265.0 5.1234255425745205
441.1388888888889 265.0 6.666321349599367
441.1388888888889 265.0 8.476760039425491
441.1388888888889 265.0 10.62740087355701
441.1388888888889 265.0 13.204556620079774
441.1388888888889 265.0 16.31165758810932
441.1388888888889 265.0 20.07340264926414
441.1388888888889 265.0 24.64076384123113
441.1388888888889 265.0 30.197045405736844
441.1388888888889 265.0 36.965240431392644
441.1388888888889 265.0 45.21698034932272
441.1388888888889 315.0 0.49994011078027056
441.1388888888889 315.0 1.5198846843952143
441.1388888888889 315.0 2.6008275670720282
441.1388888888889 315.0 3.786150792140422
441.1388888888889 315.0 5.1234255425745205
441.1388888888889 315.0 6.666321349599367
441.1388888888889 315.0 8.476760039425491
441.1388888888889 315.0 10.62740087355701
441.1388888888889 315.0 13.204556620079774
441.1388888888889 315.0 16.31165758810932
441.1388888888889 315.0 20.07340264926414
441.1388888888889 315.0 24.64076384123113
441.1388888888889 315.0 30.197045405736844
441.1388888888889 315.0 36.965240431392644
441.1388888888889 315.0 45.21698034932272
441.1388888888889 365.0 0.49994011078027056
441.1388888888889 365.0 1.5198846843952143
441.1388888888889 365.0 2.6008275670720282
441.1388888888889 365.0 3.786150792140422
441.1388888888889 365.0 5.1234255425745205
441.1388888888889 365.0 6.666321349599367
441.1388888888889 365.0 8.476760039425491
441.1388888888889 365.0 10.62740087355701
441.1388888888889 365.0 13.204556620079774
441.1388888888889 365.0 16.31165758810932
441.1388888888889 365.0 20.07340264926414
441.1388888888889 365.0 24.64076384123113
441.1388888888889 365.0 30.197045405736844
441.1388888888889 365.0 36.965240431392644
441.1388888888889 365.0 45.21698034932272
441.1388888888889 415.0 0.49994011078027056
441.1388888888889 415.0 1.5198846843952143
441.1388888888889 415.0 2.6008275670720282
441.1388888888889 415.0 3.786150792140422
441.1388888888889 415.0 5.1234255425745205
441.1388888888889 415.0 6.666321349599367
441.1388888888889 415.0 8.476760039425491
441.1388888888889 415.0 10.62740087355701
441.1388888888889 415.0 13.204556620079774
441.1388888888889 415.0 16.31165758810932
441.1388888888889 415.0 20.07340264926414
441.1388888888889 415.0 24.64076384123113
441.1388888888889 415.0 30.197045405736844
441.1388888888889 415.0 36.965240431392644
441.1388888888889 415.0 45.21698034932272
441.1388888888889 465.0 0.49994011078027056
441.1388888888889 465.0 1.5198846843952143
441.1388888888889 465.0 2.6008275670720282
441.1388888888889 465.0 3.786150792140422
441.1388888888889 465.0 5.1234255425745205
441.1388888888889 465.0 6.666321349599367
441.1388888888889 465.0 8.476760039425491
441.1388888888889 465.0 10.62740087355701
441.1388888888889 465.0 13.204556620079774
441.1388888888889 465.0 16.31165758810932
441.1388888888889 465.0 20.07340264926414
441.1388888888889 465.0 24.64076384123113
441.1388888888889 465.0 30.197045405736844
441.1388888888889 465.0 36.965240431392644
441.1388888888889 465.0 45.21698034932272
441.1388888888889 515.0 0.49994011078027056
441.1388888888889 515.0 1.5198846843952143
441.1388888888889 515.0 2.6008275670720282
441.1388888888889 515.0 3.786150792140422
441.1388888888889 515.0 5.1234255425745205
441.1388888888889 515.0 6.666321349599367
441.1388888888889 515.0 8.476760039425491
441.1388888888889 515.0 10.62740087355701
441.1388888888889 515.0 13.204556620079774
441.1388888888889 515.0 16.31165758810932
441.1388888888889 515.0 20.07340264926414
441.1388888888889 515.0 24.64076384123113
441.1388888888889 515.0 30.197045405736844
441.1388888888889 515.0 36.965240431392644
441.1388888888889 515.0 45.21698034932272
441.1388888888889 565.0 0.49994011078027056
441.1388888888889 565.0 1.5198846843952143
441.1388888888889 565.0 2.6008275670720282
441.1388888888889 565.0 3.786150792140422
441.1388888888889 565.0 5.1234255425745205
441.1388888888889 565.0 6.666321349599367
441.1388888888889 565.0 8.476760039425491
441.1388888888889 565.0 10.62740087355701
441.1388888888889 565.0 13.204556620079774
441.1388888888889 565.0 16.31165758810932
441.1388888888889 565.0 20.07340264926414
441.1388888888889 565.0 24.64076384123113
441.1388888888889 565.0 30.197045405736844
441.1388888888889 565.0 36.965240431392644
441.1388888888889 565.0 45.21698034932272
441.1388888888889 615.0 0.49994011078027056
441.1388888888889 615.0 1.5198846843952143
441.1388888888889 615.0 2.6008275670720282
441.1388888888889 615.0 3.786150792140422
441.1388888888889 615.0 5.1234255425745205
441.1388888888889 615.0 6.666321349599367
441.1388888888889 615.0 8.476760039425491
441.1388888888889 615.0 10.62740087355701
441.1388888888889 615.0 13.204556620079774
441.1388888888889 615.0 16.31165758810932
441.1388888888889 615.0 20.07340264926414
441.1388888888889 615.0 24.64076384123113
441.1388888888889 615.0 30.197045405736844
441.1388888888889 615.0 36.965240431392644
441.1388888888889 615.0 45.21698034932272
441.1388888888889 665.0 0.49994011078027056
441.1388888888889 665.0 1.5198846843952143
441.1388888888889 665.0 2.6008275670720282
441.1388888888889 665.0 3.786150792140422
441.1388888888889 665.0 5.1234255425745205
441.1388888888889 665.0 6.666321349599367
441.1388888888889 665.0 8.476760039425491
441.1388888888889 665.0 10.62740087355701
441.1388888888889 665.0 13.204556620079774
441.1388888888889 665.0 16.31165758810932
441.1388888888889 665.0 20.07340264926414
441.1388888888889 665.0 24.64076384123113
441.1388888888889 665.0 30.197045405736844
441.1388888888889 665.0 36.965240431392644
441.1388888888889 665.0 45.21698034932272
441.1388888888889 715.0 0.49994011078027056
441.1388888888889 715.0 1.5198846843952143
441.1388888888889 715.0 2.6008275670720282
441.1388888888889 715.0 3.786150792140422
441.1388888888889 715.0 5.1234255425745205
441.1388888888889 715.0 6.666321349599367
441.1388888888889 715.0 8.476760039425491
441.1388888888889 715.0 10.62740087355701
441.1388888888889 715.0 13.204556620079774
441.1388888888889 715.0 16.31165758810932
441.1388888888889 715.0 20.07340264926414
441.1388888888889 715.0 24.64076384123113
441.1388888888889 715.0 30.197045405736844
441.1388888888889 715.0 36.965240431392644
441.1388888888889 715.0 45.21698034932272
441.1388888888889 765.0 0.49994011078027056
441.1388888888889 765.0 1.5198846843952143
441.1388888888889 765.0 2.6008275670720282
441.1388888888889 765.0 3.786150792140422
441.1388888888889 765.0 5.1234255425745205
441.1388888888889 765.0 6.666321349599367
441.1388888888889 765.0 8.476760039425491
441.1388888888889 765.0 10.62740087355701
441.1388888888889 765.0 13.204556620079774
441.1388888888889 765.0 16.31165758810932
441.1388888888889 765.0 20.07340264926414
441.1388888888889 765.0 24.64076384123113
441.1388888888889 765.0 30.197045405736844
441.1388888888889 765.0 36.965240431392644
441.1388888888889 765.0 45.21698034932272
441.1388888888889 815.0 0.49994011078027056
441.1388888888889 815.0 1.5198846843952143
441.1388888888889 815.0 2.6008275670720282
441.1388888888889 815.0 3.786150792140422
441.1388888888889 815.0 5.1234255425745205
441.1388888888889 815.0 6.666321349599367
441.1388888888889 815.0 8.476760039425491
441.1388888888889 815.0 10.62740087355701
441.1388888888889 815.0 13.204556620079774
441.1388888888889 815.0 16.31165758810932
441.1388888888889 815.0 20.07340264926414
441.1388888888889 815.0 24.64076384123113
441.1388888888889 815.0 30.197045405736844
441.1388888888889 815.0 36.965240431392644
441.1388888888889 815.0 45.21698034932272
441.1388888888889 865.0 0.49994011078027056
441.1388888888889 865.0 1.5198846843952143
441.1388888888889 865.0 2.6008275670720282
441.1388888888889 865.0 3.786150792140422
441.1388888888889 865.0 5.1234255425745205
441.1388888888889 865.0 6.666321349599367
441.1388888888889 865.0 8.476760039425491
441.1388888888889 865.0 10.62740087355701
441.1388888888889 865.0 13.204556620079774
441.1388888888889 865.0 16.31165758810932
441.1388888888889 865.0 20.07340264926414
441.1388888888889 865.0 24.64076384123113
441.1388888888889 865.0 30.197045405736844
441.1388888888889 865.0 36.965240431392644
441.1388888888889 865.0 45.21698034932272
441.1388888888889 915.0 0.49994011078027056
441.1388888888889 915.0 1.5198846843952143
441.1388888888889 915.0 2.6008275670720282
441.1388888888889 915.0 3.786150792140422
441.1388888888889 915.0 5.1234255425745205
441.1388888888889 915.0 6.666321349599367
441.1388888888889 915.0 8.476760039425491
441.1388888888889 915.0 10.62740087355701
441.1388888888889 915.0 13.204556620079774
441.1388888888889 915.0 16.31165758810932
441.1388888888889 915.0 20.07340264926414
441.1388888888889 915.0 24.64076384123113
441.1388888888889 915.0 30.197045405736844
441.1388888888889 915.0 36.965240431392644
441.1388888888889 915.0 45.21698034932272
441.1388888888889 965.0 0.49994011078027056
441.1388888888889 965.0 1.5198846843952143
441.1388888888889 965.0 2.6008275670720282
441.1388888888889 965.0 3.786150792140422
441.1388888888889 965.0 5.1234255425745205
441.1388888888889 965.0 6.666321349599367
441.1388888888889 965.0 8.476760039425491
441.1388888888889 965.0 10.62740087355701
441.1388888888889 965.0 13.204556620079774
441.1388888888889 965.0 16.31165758810932
441.1388888888889 965.0 20.07340264926414
441.1388888888889 965.0 24.64076384123113
441.1388888888889 965.0 30.197045405736844
441.1388888888889 965.0 36.965240431392644
441.1388888888889 965.0 45.21698034932272
491.8611111111111 15.0 0.49994011078027056
491.8611111111111 15.0 1.5198846843952143
491.8611111111111 15.0 2.6008275670720282
491.8611111111111 15.0 3.786150792140422
491.8611111111111 15.0 5.1234255425745205
491.8611111111111 15.0 6.666321349599367
491.8611111111111 15.0 8.476760039425491
491.8611111111111 15.0 10.62740087355701
491.8611111111111 15.0 13.204556620079774
491.8611111111111 15.0 16.31165758810932
491.8611111111111 15.0 20.07340264926414
491.8611111111111 15.0 24.64076384123113
491.8611111111111 15.0 30.197045405736844
491.8611111111111 15.0 36.965240431392644
491.8611111111111 15.0 45.21698034932272
491.8611111111111 65.0 0.49994011078027056
491.8611111111111 65.0 1.5198846843952143
491.8611111111111 65.0 2.6008275670720282
491.8611111111111 65.0 3.786150792140422
491.8611111111111 65.0 5.1234255425745205
491.8611111111111 65.0 6.666321349599367
491.8611111111111 65.0 8.476760039425491
491.8611111111111 65.0 10.62740087355701
491.8611111111111 65.0 13.204556620079774
491.8611111111111 65.0 16.31165758810932
491.8611111111111 65.0 20.07340264926414
491.8611111111111 65.0 24.64076384123113
491.8611111111111 65.0 30.197045405736844
491.8611111111111 65.0 36.965240431392644
491.8611111111111 65.0 45.21698034932272
491.8611111111111 115.0 0.49994011078027056
491.8611111111111 115.0 1.5198846843952143
491.8611111111111 115.0 2.6008275670720282
491.8611111111111 115.0 3.786150792140422
491.8611111111111 115.0 5.1234255425745205
491.8611111111111 115.0 6.666321349599367
491.8611111111111 115.0 8.476760039425491
491.8611111111111 115.0 10.62740087355701
491.8611111111111 115.0 13.204556620079774
491.8611111111111 115.0 16.31165758810932
491.8611111111111 115.0 20.07340264926414
491.8611111111111 115.0 24.64076384123113
491.8611111111111 115.0 30.197045405736844
491.8611111111111 115.0 36.965240431392644
491.8611111111111 115.0 45.21698034932272
491.8611111111111 165.0 0.49994011078027056
491.8611111111111 165.0 1.5198846843952143
491.8611111111111 165.0 2.6008275670720282
491.8611111111111 165.0 3.786150792140422
491.8611111111111 165.0 5.1234255425745205
491.8611111111111 165.0 6.666321349599367
491.8611111111111 165.0 8.476760039425491
491.8611111111111 165.0 10.62740087355701
491.8611111111111 165.0 13.204556620079774
491.8611111111111 165.0 16.31165758810932
491.8611111111111 165.0 20.07340264926414
491.8611111111111 165.0 24.64076384123113
491.8611111111111 165.0 30.197045405736844
491.8611111111111 165.0 36.965240431392644
491.8611111111111 165.0 45.21698034932272
491.8611111111111 215.0 0.49994011078027056
491.8611111111111 215.0 1.5198846843952143
491.8611111111111 215.0 2.6008275670720282
491.8611111111111 215.0 3.786150792140422
491.8611111111111 215.0 5.1234255425745205
491.8611111111111 215.0 6.666321349599367
491.8611111111111 215.0 8.476760039425491
491.8611111111111 215.0 10.62740087355701
491.8611111111111 215.0 13.204556620079774
491.8611111111111 215.0 16.31165758810932
491.8611111111111 215.0 20.07340264926414
491.8611111111111 215.0 24.64076384123113
491.8611111111111 215.0 30.197045405736844
491.8611111111111 215.0 36.965240431392644
491.8611111111111 215.0 45.21698034932272
491.8611111111111 265.0 0.49994011078027056
491.8611111111111 265.0 1.5198846843952143
491.8611111111111 265.0 2.6008275670720282
491.8611111111111 265.0 3.786150792140422
491.8611111111111 265.0 5.1234255425745205
491.8611111111111 265.0 6.666321349599367
491.8611111111111 265.0 8.476760039425491
491.8611111111111 265.0 10.62740087355701
491.8611111111111 265.0 13.204556620079774
491.8611111111111 265.0 16.31165758810932
491.8611111111111 265.0 20.07340264926414
491.8611111111111 265.0 24.64076384123113
491.8611111111111 265.0 30.197045405736844
491.8611111111111 265.0 36.965240431392644
491.8611111111111 265.0 45.21698034932272
491.8611111111111 315.0 0.49994011078027056
491.8611111111111 315.0 1.5198846843952143
491.8611111111111 315.0 2.6008275670720282
491.8611111111111 315.0 3.786150792140422
491.8611111111111 315.0 5.1234255425745205
491.8611111111111 315.0 6.666321349599367
491.8611111111111 315.0 8.476760039425491
491.8611111111111 315.0 10.62740087355701
491.8611111111111 315.0 13.204556620079774
491.8611111111111 315.0 16.31165758810932
491.8611111111111 315.0 20.07340264926414
491.8611111111111 315.0 24.64076384123113
491.8611111111111 315.0 30.197045405736844
491.8611111111111 315.0 36.965240431392644
491.8611111111111 315.0 45.21698034932272
491.8611111111111 365.0 0.49994011078027056
491.8611111111111 365.0 1.5198846843952143
491.8611111111111 365.0 2.6008275670720282
491.8611111111111 365.0 3.786150792140422
491.8611111111111 365.0 5.1234255425745205
491.8611111111111 365.0 6.666321349599367
491.8611111111111 365.0 8.476760039425491
491.8611111111111 365.0 10.62740087355701
491.8611111111111 365.0 13.204556620079774
491.8611111111111 365.0 16.31165758810932
491.8611111111111 365.0 20.07340264926414
491.8611111111111 365.0 24.64076384123113
491.8611111111111 365.0 30.197045405736844
491.8611111111111 365.0 36.965240431392644
491.8611111111111 365.0 45.21698034932272
491.8611111111111 415.0 0.49994011078027056
491.8611111111111 415.0 1.5198846843952143
491.8611111111111 415.0 2.6008275670720282
491.8611111111111 415.0 3.786150792140422
491.8611111111111 415.0 5.1234255425745205
491.8611111111111 415.0 6.666321349599367
491.8611111111111 415.0 8.476760039425491
491.8611111111111 415.0 10.62740087355701
491.8611111111111 415.0 13.204556620079774
491.8611111111111 415.0 16.31165758810932
491.8611111111111 415.0 20.07340264926414
491.8611111111111 415.0 24.64076384123113
491.8611111111111 415.0 30.197045405736844
491.8611111111111 415.0 36.965240431392644
491.8611111111111 415.0 45.21698034932272
491.8611111111111 465.0 0.49994011078027056
491.8611111111111 465.0 1.5198846843952143
491.8611111111111 465.0 2.6008275670720282
491.8611111111111 465.0 3.786150792140422
491.8611111111111 465.0 5.1234255425745205
491.8611111111111 465.0 6.666321349599367
491.8611111111111 465.0 8.476760039425491
491.8611111111111 465.0 10.62740087355701
491.8611111111111 465.0 13.204556620079774
491.8611111111111 465.0 16.31165758810932
491.8611111111111 465.0 20.07340264926414
491.8611111111111 465.0 24.64076384123113
491.8611111111111 465.0 30.197045405736844
491.8611111111111 465.0 36.965240431392644
491.8611111111111 465.0 45.21698034932272
491.8611111111111 515.0 0.49994011078027056
491.8611111111111 515.0 1.5198846843952143
491.8611111111111 515.0 2.6008275670720282
491.8611111111111 515.0 3.786150792140422
491.8611111111111 515.0 5.1234255425745205
491.8611111111111 515.0 6.666321349599367
491.8611111111111 515.0 8.476760039425491
491.8611111111111 515.0 10.62740087355701
491.8611111111111 515.0 13.204556620079774
491.8611111111111 515.0 16.31165758810932
491.8611111111111 515.0 20.07340264926414
491.8611111111111 515.0 24.64076384123113
491.8611111111111 515.0 30.197045405736844
491.8611111111111 515.0 36.965240431392644
491.8611111111111 515.0 45.21698034932272
491.8611111111111 565.0 0.49994011078027056
491.8611111111111 565.0 1.5198846843952143
491.8611111111111 565.0 2.6008275670720282
491.8611111111111 565.0 3.786150792140422
491.8611111111111 565.0 5.1234255425745205
491.8611111111111 565.0 6.666321349599367
491.8611111111111 565.0 8.476760039425491
491.8611111111111 565.0 10.62740087355701
491.8611111111111 565.0 13.204556620079774
491.8611111111111 565.0 16.31165758810932
491.8611111111111 565.0 20.07340264926414
491.8611111111111 565.0 24.64076384123113
491.8611111111111 565.0 30.197045405736844
491.8611111111111 565.0 36.965240431392644
491.8611111111111 565.0 45.21698034932272
491.8611111111111 615.0 0.49994011078027056
491.8611111111111 615.0 1.5198846843952143
491.8611111111111 615.0 2.6008275670720282
491.8611111111111 615.0 3.786150792140422
491.8611111111111 615.0 5.1234255425745205
491.8611111111111 615.0 6.666321349599367
491.8611111111111 615.0 8.476760039425491
491.8611111111111 615.0 10.62740087355701
491.8611111111111 615.0 13.204556620079774
491.8611111111111 615.0 16.31165758810932
491.8611111111111 615.0 20.07340264926414
491.8611111111111 615.0 24.64076384123113
491.8611111111111 615.0 30.197045405736844
491.8611111111111 615.0 36.965240431392644
491.8611111111111 615.0 45.21698034932272
491.8611111111111 665.0 0.49994011078027056
491.8611111111111 665.0 1.5198846843952143
491.8611111111111 665.0 2.6008275670720282
491.8611111111111 665.0 3.786150792140422
491.8611111111111 665.0 5.1234255425745205
491.8611111111111 665.0 6.666321349599367
491.8611111111111 665.0 8.476760039425491
491.8611111111111 665.0 10.62740087355701
491.8611111111111 665.0 13.204556620079774
491.8611111111111 665.0 16.31165758810932
491.8611111111111 665.0 20.07340264926414
491.8611111111111 665.0 24.64076384123113
491.8611111111111 665.0 30.197045405736844
491.8611111111111 665.0 36.965240431392644
491.8611111111111 665.0 45.21698034932272
491.8611111111111 715.0 0.49994011078027056
491.8611111111111 715.0 1.5198846843952143
491.8611111111111 715.0 2.6008275670720282
491.8611111111111 715.0 3.786150792140422
491.8611111111111 715.0 5.1234255425745205
491.8611111111111 715.0 6.666321349599367
491.8611111111111 715.0 8.476760039425491
491.8611111111111 715.0 10.62740087355701
491.8611111111111 715.0 13.204556620079774
491.8611111111111 715.0 16.31165758810932
491.8611111111111 715.0 20.07340264926414
491.8611111111111 715.0 24.64076384123113
491.8611111111111 715.0 30.197045405736844
491.8611111111111 715.0 36.965240431392644
491.8611111111111 715.0 45.21698034932272
491.8611111111111 765.0 0.49994011078027056
491.8611111111111 765.0 1.5198846843952143
491.8611111111111 765.0 2.6008275670720282
491.8611111111111 765.0 3.786150792140422
491.8611111111111 765.0 5.1234255425745205
491.8611111111111 765.0 6.666321349599367
491.8611111111111 765.0 8.476760039425491
491.8611111111111 765.0 10.62740087355701
491.8611111111111 765.0 13.204556620079774
491.8611111111111 765.0 16.31165758810932
491.8611111111111 765.0 20.07340264926414
491.8611111111111 765.0 24.64076384123113
491.8611111111111 765.0 30.197045405736844
491.8611111111111 765.0 36.965240431392644
491.8611111111111 765.0 45.21698034932272
491.8611111111111 815.0 0.49994011078027056
491.8611111111111 815.0 1.5198846843952143
491.8611111111111 815.0 2.6008275670720282
491.8611111111111 815.0 3.786150792140422
491.8611111111111 815.0 5.1234255425745205
491.8611111111111 815.0 6.666321349599367
491.8611111111111 815.0 8.476760039425491
491.8611111111111 815.0 10.62740087355701
491.8611111111111 815.0 13.204556620079774
491.8611111111111 815.0 16.31165758810932
491.8611111111111 815.0 20.07340264926414
491.8611111111111 815.0 24.64076384123113
491.8611111111111 815.0 30.197045405736844
491.8611111111111 815.0 36.965240431392644
491.8611111111111 815.0 45.21698034932272
491.8611111111111 865.0 0.49994011078027056
491.8611111111111 865.0 1.5198846843952143
491.8611111111111 865.0 2.6008275670720282
491.8611111111111 865.0 3.786150792140422
491.8611111111111 865.0 5.1234255425745205
491.8611111111111 865.0 6.666321349599367
491.8611111111111 865.0 8.476760039425491
491.8611111111111 865.0 10.62740087355701
491.8611111111111 865.0 13.204556620079774
491.8611111111111 865.0 16.31165758810932
491.8611111111111 865.0 20.07340264926414
491.8611111111111 865.0 24.64076384123113
491.8611111111111 865.0 30.197045405736844
491.8611111111111 865.0 36.965240431392644
491.8611111111111 865.0 45.21698034932272
491.8611111111111 915.0 0.49994011078027056
491.8611111111111 915.0 1.5198846843952143
491.8611111111111 915.0 2.6008275670720282
491.8611111111111 915.0 3.786150792140422
491.8611111111111 915.0 5.1234255425745205
491.8611111111111 915.0 6.666321349599367
491.8611111111111 915.0 8.476760039425491
491.8611111111111 915.0 10.62740087355701
491.8611111111111 915.0 13.204556620079774
491.8611111111111 915.0 16.31165758810932
491.8611111111111 915.0 20.07340264926414
491.8611111111111 915.0 24.64076384123113
491.8611111111111 915.0 30.197045405736844
491.8611111111111 915.0 36.965240431392644
491.8611111111111 915.0 45.21698034932272
491.8611111111111 965.0 0.49994011078027056
491.8611111111111 965.0 1.5198846843952143
491.8611111111111 965.0 2.6008275670720282
491.8611111111111 965.0 3.786150792140422
491.8611111111111 965.0 5.1234255425745205
491.8611111111111 965.0 6.666321349599367
491.8611111111111 965.0 8.476760039425491
491.8611111111111 965.0 10.62740087355701
491.8611111111111 965.0 13.204556620079774
491.8611111111111 965.0 16.31165758810932
491.8611111111111 965.0 20.07340264926414
491.8611111111111 965.0 24.64076384123113
491.8611111111111 965.0 30.197045405736844
491.8611111111111 965.0 36.965240431392644
491.8611111111111 965.0 45.21698034932272
542.5833333333333 15.0 0.49994011078027056
542.5833333333333 15.0 1.5198846843952143
542.5833333333333 15.0 2.6008275670720282
542.5833333333333 15.0 3.786150792140422
542.5833333333333 15.0 5.1234255425745205
542.5833333333333 15.0 6.666321349599367
542.5833333333333 15.0 8.476760039425491
542.5833333333333 15.0 10.62740087355701
542.5833333333333 15.0 13.204556620079774
542.5833333333333 15.0 16.31165758810932
542.5833333333333 15.0 20.07340264926414
542.5833333333333 15.0 24.64076384123113
542.5833333333333 15.0 30.197045405736844
542.5833333333333 15.0 36.965240431392644
542.5833333333333 15.0 45.21698034932272
542.5833333333333 65.0 0.49994011078027056
542.5833333333333 65.0 1.5198846843952143
542.5833333333333 65.0 2.6008275670720282
542.5833333333333 65.0 3.786150792140422
542.5833333333333 65.0 5.1234255425745205
542.5833333333333 65.0 6.666321349599367
542.5833333333333 65.0 8.476760039425491
542.5833333333333 65.0 10.62740087355701
542.5833333333333 65.0 13.204556620079774
542.5833333333333 65.0 16.31165758810932
542.5833333333333 65.0 20.07340264926414
542.5833333333333 65.0 24.64076384123113
542.5833333333333 65.0 30.197045405736844
542.5833333333333 65.0 36.965240431392644
542.5833333333333 65.0 45.21698034932272
542.5833333333333 115.0 0.49994011078027056
542.5833333333333 115.0 1.5198846843952143
542.5833333333333 115.0 2.6008275670720282
542.5833333333333 115.0 3.786150792140422
542.5833333333333 115.0 5.1234255425745205
542.5833333333333 115.0 6.666321349599367
542.5833333333333 115.0 8.476760039425491
542.5833333333333 115.0 10.62740087355701
542.5833333333333 115.0 13.204556620079774
542.5833333333333 115.0 16.31165758810932
542.5833333333333 115.0 20.07340264926414
542.5833333333333 115.0 24.64076384123113
542.5833333333333 115.0 30.197045405736844
542.5833333333333 115.0 36.965240431392644
542.5833333333333 115.0 45.21698034932272
542.5833333333333 165.0 0.49994011078027056
542.5833333333333 165.0 1.5198846843952143
542.5833333333333 165.0 2.6008275670720282
542.5833333333333 165.0 3.786150792140422
542.5833333333333 165.0 5.1234255425745205
542.5833333333333 165.0 6.666321349599367
542.5833333333333 165.0 8.476760039425491
542.5833333333333 165.0 10.62740087355701
542.5833333333333 165.0 13.204556620079774
542.5833333333333 165.0 16.31165758810932
542.5833333333333 165.0 20.07340264926414
542.5833333333333 165.0 24.64076384123113
542.5833333333333 165.0 30.197045405736844
542.5833333333333 165.0 36.965240431392644
542.5833333333333 165.0 45.21698034932272
542.5833333333333 215.0 0.49994011078027056
542.5833333333333 215.0 1.5198846843952143
542.5833333333333 215.0 2.6008275670720282
542.5833333333333 215.0 3.786150792140422
542.5833333333333 215.0 5.1234255425745205
542.5833333333333 215.0 6.666321349599367
542.5833333333333 215.0 8.476760039425491
542.5833333333333 215.0 10.62740087355701
542.5833333333333 215.0 13.204556620079774
542.5833333333333 215.0 16.31165758810932
542.5833333333333 215.0 20.07340264926414
542.5833333333333 215.0 24.64076384123113
542.5833333333333 215.0 30.197045405736844
542.5833333333333 215.0 36.965240431392644
542.5833333333333 215.0 45.21698034932272
542.5833333333333 265.0 0.49994011078027056
542.5833333333333 265.0 1.5198846843952143
542.5833333333333 265.0 2.6008275670720282
542.5833333333333 265.0 3.786150792140422
542.5833333333333 265.0 5.1234255425745205
542.5833333333333 265.0 6.666321349599367
542.5833333333333 265.0 8.476760039425491
542.5833333333333 265.0 10.62740087355701
542.5833333333333 265.0 13.204556620079774
542.5833333333333 265.0 16.31165758810932
542.5833333333333 265.0 20.07340264926414
542.5833333333333 265.0 24.64076384123113
542.5833333333333 265.0 30.197045405736844
542.5833333333333 265.0 36.965240431392644
542.5833333333333 265.0 45.21698034932272
542.5833333333333 315.0 0.49994011078027056
542.5833333333333 315.0 1.5198846843952143
542.5833333333333 315.0 2.6008275670720282
542.5833333333333 315.0 3.786150792140422
542.5833333333333 315.0 5.1234255425745205
542.5833333333333 315.0 6.666321349599367
542.5833333333333 315.0 8.476760039425491
542.5833333333333 315.0 10.62740087355701
542.5833333333333 315.0 13.204556620079774
542.5833333333333 315.0 16.31165758810932
542.5833333333333 315.0 20.07340264926414
542.5833333333333 315.0 24.64076384123113
542.5833333333333 315.0 30.197045405736844
542.5833333333333 315.0 36.965240431392644
542.5833333333333 315.0 45.21698034932272
542.5833333333333 365.0 0.49994011078027056
542.5833333333333 365.0 1.5198846843952143
542.5833333333333 365.0 2.6008275670720282
542.5833333333333 365.0 3.786150792140422
542.5833333333333 365.0 5.1234255425745205
542.5833333333333 365.0 6.666321349599367
542.5833333333333 365.0 8.476760039425491
542.5833333333333 365.0 10.62740087355701
542.5833333333333 365.0 13.204556620079774
542.5833333333333 365.0 16.31165758810932
542.5833333333333 365.0 20.07340264926414
542.5833333333333 365.0 24.64076384123113
542.5833333333333 365.0 30.197045405736844
542.5833333333333 365.0 36.965240431392644
542.5833333333333 365.0 45.21698034932272
542.5833333333333 415.0 0.49994011078027056
542.5833333333333 415.0 1.5198846843952143
542.5833333333333 415.0 2.6008275670720282
542.5833333333333 415.0 3.786150792140422
542.5833333333333 415.0 5.1234255425745205
542.5833333333333 415.0 6.666321349599367
542.5833333333333 415.0 8.476760039425491
542.5833333333333 415.0 10.62740087355701
542.5833333333333 415.0 13.204556620079774
542.5833333333333 415.0 16.31165758810932
542.5833333333333 415.0 20.07340264926414
542.5833333333333 415.0 24.64076384123113
542.5833333333333 415.0 30.197045405736844
542.5833333333333 415.0 36.965240431392644
542.5833333333333 415.0 45.21698034932272
542.5833333333333 465.0 0.49994011078027056
542.5833333333333 465.0 1.5198846843952143
542.5833333333333 465.0 2.6008275670720282
542.5833333333333 465.0 3.786150792140422
542.5833333333333 465.0 5.1234255425745205
542.5833333333333 465.0 6.666321349599367
542.5833333333333 465.0 8.476760039425491
542.5833333333333 465.0 10.62740087355701
542.5833333333333 465.0 13.204556620079774
542.5833333333333 465.0 16.31165758810932
542.5833333333333 465.0 20.07340264926414
542.5833333333333 465.0 24.64076384123113
542.5833333333333 465.0 30.197045405736844
542.5833333333333 465.0 36.965240431392644
542.5833333333333 465.0 45.21698034932272
542.5833333333333 515.0 0.49994011078027056
542.5833333333333 515.0 1.5198846843952143
542.5833333333333 515.0 2.6008275670720282
542.5833333333333 515.0 3.786150792140422
542.5833333333333 515.0 5.1234255425745205
542.5833333333333 515.0 6.666321349599367
542.5833333333333 515.0 8.476760039425491
542.5833333333333 515.0 10.62740087355701
542.5833333333333 515.0 13.204556620079774
542.5833333333333 515.0 16.31165758810932
542.5833333333333 515.0 20.07340264926414
542.5833333333333 515.0 24.64076384123113
542.5833333333333 515.0 30.197045405736844
542.5833333333333 515.0 36.965240431392644
542.5833333333333 515.0 45.21698034932272
542.5833333333333 565.0 0.49994011078027056
542.5833333333333 565.0 1.5198846843952143
542.5833333333333 565.0 2.6008275670720282
542.5833333333333 565.0 3.786150792140422
542.5833333333333 565.0 5.1234255425745205
542.5833333333333 565.0 6.666321349599367
542.5833333333333 565.0 8.476760039425491
542.5833333333333 565.0 10.62740087355701
542.5833333333333 565.0 13.204556620079774
542.5833333333333 565.0 16.31165758810932
542.5833333333333 565.0 20.07340264926414
542.5833333333333 565.0 24.64076384123113
542.5833333333333 565.0 30.197045405736844
542.5833333333333 565.0 36.965240431392644
542.5833333333333 565.0 45.21698034932272
542.5833333333333 615.0 0.49994011078027056
542.5833333333333 615.0 1.5198846843952143
542.5833333333333 615.0 2.6008275670720282
542.5833333333333 615.0 3.786150792140422
542.5833333333333 615.0 5.1234255425745205
542.5833333333333 615.0 6.666321349599367
542.5833333333333 615.0 8.476760039425491
542.5833333333333 615.0 10.62740087355701
542.5833333333333 615.0 13.204556620079774
542.5833333333333 615.0 16.31165758810932
542.5833333333333 615.0 20.07340264926414
542.5833333333333 615.0 24.64076384123113
542.5833333333333 615.0 30.197045405736844
542.5833333333333 615.0 36.965240431392644
542.5833333333333 615.0 45.21698034932272
542.5833333333333 665.0 0.49994011078027056
542.5833333333333 665.0 1.5198846843952143
542.5833333333333 665.0 2.6008275670720282
542.5833333333333 665.0 3.786150792140422
542.5833333333333 665.0 5.1234255425745205
542.5833333333333 665.0 6.666321349599367
542.5833333333333 665.0 8.476760039425491
542.5833333333333 665.0 10.62740087355701
542.5833333333333 665.0 13.204556620079774
542.5833333333333 665.0 16.31165758810932
542.5833333333333 665.0 20.07340264926414
542.5833333333333 665.0 24.64076384123113
542.5833333333333 665.0 30.197045405736844
542.5833333333333 665.0 36.965240431392644
542.5833333333333 665.0 45.21698034932272
542.5833333333333 715.0 0.49994011078027056
542.5833333333333 715.0 1.5198846843952143
542.5833333333333 715.0 2.6008275670720282
542.5833333333333 715.0 3.786150792140422
542.5833333333333 715.0 5.1234255425745205
542.5833333333333 715.0 6.666321349599367
542.5833333333333 715.0 8.476760039425491
542.5833333333333 715.0 10.62740087355701
542.5833333333333 715.0 13.204556620079774
542.5833333333333 715.0 16.31165758810932
542.5833333333333 715.0 20.07340264926414
542.5833333333333 715.0 24.64076384123113
542.5833333333333 715.0 30.197045405736844
542.5833333333333 715.0 36.965240431392644
542.5833333333333 715.0 45.21698034932272
542.5833333333333 765.0 0.49994011078027056
542.5833333333333 765.0 1.5198846843952143
542.5833333333333 765.0 2.6008275670720282
542.5833333333333 765.0 3.786150792140422
542.5833333333333 765.0 5.1234255425745205
542.5833333333333 765.0 6.666321349599367
542.5833333333333 765.0 8.476760039425491
542.5833333333333 765.0 10.62740087355701
542.5833333333333 765.0 13.204556620079774
542.5833333333333 765.0 16.31165758810932
542.5833333333333 765.0 20.07340264926414
542.5833333333333 765.0 24.64076384123113
542.5833333333333 765.0 30.197045405736844
542.5833333333333 765.0 36.965240431392644
542.5833333333333 765.0 45.21698034932272
542.5833333333333 815.0 0.49994011078027056
542.5833333333333 815.0 1.5198846843952143
542.5833333333333 815.0 2.6008275670720282
542.5833333333333 815.0 3.786150792140422
542.5833333333333 815.0 5.1234255425745205
542.5833333333333 815.0 6.666321349599367
542.5833333333333 815.0 8.476760039425491
542.5833333333333 815.0 10.62740087355701
542.5833333333333 815.0 13.204556620079774
542.5833333333333 815.0 16.31165758810932
542.5833333333333 815.0 20.07340264926414
542.5833333333333 815.0 24.64076384123113
542.5833333333333 815.0 30.197045405736844
542.5833333333333 815.0 36.965240431392644
542.5833333333333 815.0 45.21698034932272
542.5833333333333 865.0 0.49994011078027056
542.5833333333333 865.0 1.5198846843952143
542.5833333333333 865.0 2.6008275670720282
542.5833333333333 865.0 3.786150792140422
542.5833333333333 865.0 5.1234255425745205
542.5833333333333 865.0 6.666321349599367
542.5833333333333 865.0 8.476760039425491
542.5833333333333 865.0 10.62740087355701
542.5833333333333 865.0 13.204556620079774
542.5833333333333 865.0 16.31165758810932
542.5833333333333 865.0 20.07340264926414
542.5833333333333 865.0 24.64076384123113
542.5833333333333 865.0 30.197045405736844
542.5833333333333 865.0 36.965240431392644
542.5833333333333 865.0 45.21698034932272
542.5833333333333 915.0 0.49994011078027056
542.5833333333333 915.0 1.5198846843952143
542.5833333333333 915.0 2.6008275670720282
542.5833333333333 915.0 3.786150792140422
542.5833333333333 915.0 5.1234255425745205
542.5833333333333 915.0 6.666321349599367
542.5833333333333 915.0 8.476760039425491
542.5833333333333 915.0 10.62740087355701
542.5833333333333 915.0 13.204556620079774
542.5833333333333 915.0 16.31165758810932
542.5833333333333 915.0 20.07340264926414
542.5833333333333 915.0 24.64076384123113
542.5833333333333 915.0 30.197045405736844
542.5833333333333 915.0 36.965240431392644
542.5833333333333 915.0 45.21698034932272
542.5833333333333 965.0 0.49994011078027056
542.5833333333333 965.0 1.5198846843952143
542.5833333333333 965.0 2.6008275670720282
542.5833333333333 965.0 3.786150792140422
542.5833333333333 965.0 5.1234255425745205
542.5833333333333 965.0 6.666321349599367
542.5833333333333 965.0 8.476760039425491
542.5833333333333 965.0 10.62740087355701
542.5833333333333 965.0 13.204556620079774
542.5833333333333 965.0 16.31165758810932
542.5833333333333 965.0 20.07340264926414
542.5833333333333 965.0 24.64076384123113
542.5833333333333 965.0 30.197045405736844
542.5833333333333 965.0 36.965240431392644
542.5833333333333 965.0 45.21698034932272
593.3055555555555 15.0 0.49994011078027056
593.3055555555555 15.0 1.5198846843952143
593.3055555555555 15.0 2.6008275670720282
593.3055555555555 15.0 3.786150792140422
593.3055555555555 15.0 5.1234255425745205
593.3055555555555 15.0 6.666321349599367
593.3055555555555 15.0 8.476760039425491
593.3055555555555 15.0 10.62740087355701
593.3055555555555 15.0 13.204556620079774
593.3055555555555 15.0 16.31165758810932
593.3055555555555 15.0 20.07340264926414
593.3055555555555 15.0 24.64076384123113
593.3055555555555 15.0 30.197045405736844
593.3055555555555 15.0 36.965240431392644
593.3055555555555 15.0 45.21698034932272
593.3055555555555 65.0 0.49994011078027056
593.3055555555555 65.0 1.5198846843952143
593.3055555555555 65.0 2.6008275670720282
593.3055555555555 65.0 3.786150792140422
593.3055555555555 65.0 5.1234255425745205
593.3055555555555 65.0 6.666321349599367
593.3055555555555 65.0 8.476760039425491
593.3055555555555 65.0 10.62740087355701
593.3055555555555 65.0 13.204556620079774
593.3055555555555 65.0 16.31165758810932
593.3055555555555 65.0 20.07340264926414
593.3055555555555 65.0 24.64076384123113
593.3055555555555 65.0 30.197045405736844
593.3055555555555 65.0 36.965240431392644
593.3055555555555 65.0 45.21698034932272
593.3055555555555 115.0 0.49994011078027056
593.3055555555555 115.0 1.5198846843952143
593.3055555555555 115.0 2.6008275670720282
593.3055555555555 115.0 3.786150792140422
593.3055555555555 115.0 5.1234255425745205
593.3055555555555 115.0 6.666321349599367
593.3055555555555 115.0 8.476760039425491
593.3055555555555 115.0 10.62740087355701
593.3055555555555 115.0 13.204556620079774
593.3055555555555 115.0 16.31165758810932
593.3055555555555 115.0 20.07340264926414
593.3055555555555 115.0 24.64076384123113
593.3055555555555 115.0 30.197045405736844
593.3055555555555 115.0 36.965240431392644
593.3055555555555 115.0 45.21698034932272
593.3055555555555 165.0 0.49994011078027056
593.3055555555555 165.0 1.5198846843952143
593.3055555555555 165.0 2.6008275670720282
593.3055555555555 165.0 3.786150792140422
593.3055555555555 165.0 5.1234255425745205
593.3055555555555 165.0 6.666321349599367
593.3055555555555 165.0 8.476760039425491
593.3055555555555 165.0 10.62740087355701
593.3055555555555 165.0 13.204556620079774
593.3055555555555 165.0 16.31165758810932
593.3055555555555 165.0 20.07340264926414
593.3055555555555 165.0 24.64076384123113
593.3055555555555 165.0 30.197045405736844
593.3055555555555 165.0 36.965240431392644
593.3055555555555 165.0 45.21698034932272
593.3055555555555 215.0 0.49994011078027056
593.3055555555555 215.0 1.5198846843952143
593.3055555555555 215.0 2.6008275670720282
593.3055555555555 215.0 3.786150792140422
593.3055555555555 215.0 5.1234255425745205
593.3055555555555 215.0 6.666321349599367
593.3055555555555 215.0 8.476760039425491
593.3055555555555 215.0 10.62740087355701
593.3055555555555 215.0 13.204556620079774
593.3055555555555 215.0 16.31165758810932
593.3055555555555 215.0 20.07340264926414
593.3055555555555 215.0 24.64076384123113
593.3055555555555 215.0 30.197045405736844
593.3055555555555 215.0 36.965240431392644
593.3055555555555 215.0 45.21698034932272
593.3055555555555 265.0 0.49994011078027056
593.3055555555555 265.0 1.5198846843952143
593.3055555555555 265.0 2.6008275670720282
593.3055555555555 265.0 3.786150792140422
593.3055555555555 265.0 5.1234255425745205
593.3055555555555 265.0 6.666321349599367
593.3055555555555 265.0 8.476760039425491
593.3055555555555 265.0 10.62740087355701
593.3055555555555 265.0 13.204556620079774
593.3055555555555 265.0 16.31165758810932
593.3055555555555 265.0 20.07340264926414
593.3055555555555 265.0 24.64076384123113
593.3055555555555 265.0 30.197045405736844
593.3055555555555 265.0 36.965240431392644
593.3055555555555 265.0 45.21698034932272
593.3055555555555 315.0 0.49994011078027056
593.3055555555555 315.0 1.5198846843952143
593.3055555555555 315.0 2.6008275670720282
593.3055555555555 315.0 3.786150792140422
593.3055555555555 315.0 5.1234255425745205
593.3055555555555 315.0 6.666321349599367
593.3055555555555 315.0 8.476760039425491
593.3055555555555 315.0 10.62740087355701
593.3055555555555 315.0 13.204556620079774
593.3055555555555 315.0 16.31165758810932
593.3055555555555 315.0 20.07340264926414
593.3055555555555 315.0 24.64076384123113
593.3055555555555 315.0 30.197045405736844
593.3055555555555 315.0 36.965240431392644
593.3055555555555 315.0 45.21698034932272
593.3055555555555 365.0 0.49994011078027056
593.3055555555555 365.0 1.5198846843952143
593.3055555555555 365.0 2.6008275670720282
593.3055555555555 365.0 3.786150792140422
593.3055555555555 365.0 5.1234255425745205
593.3055555555555 365.0 6.666321349599367
593.3055555555555 365.0 8.476760039425491
593.3055555555555 365.0 10.62740087355701
593.3055555555555 365.0 13.204556620079774
593.3055555555555 365.0 16.31165758810932
593.3055555555555 365.0 20.07340264926414
593.3055555555555 365.0 24.64076384123113
593.3055555555555 365.0 30.197045405736844
593.3055555555555 365.0 36.965240431392644
593.3055555555555 365.0 45.21698034932272
593.3055555555555 415.0 0.49994011078027056
593.3055555555555 415.0 1.5198846843952143
593.3055555555555 415.0 2.6008275670720282
593.3055555555555 415.0 3.786150792140422
593.3055555555555 415.0 5.1234255425745205
593.3055555555555 415.0 6.666321349599367
593.3055555555555 415.0 8.476760039425491
593.3055555555555 415.0 10.62740087355701
593.3055555555555 415.0 13.204556620079774
593.3055555555555 415.0 16.31165758810932
593.3055555555555 415.0 20.07340264926414
593.3055555555555 415.0 24.64076384123113
593.3055555555555 415.0 30.197045405736844
593.3055555555555 415.0 36.965240431392644
593.3055555555555 415.0 45.21698034932272
593.3055555555555 465.0 0.49994011078027056
593.3055555555555 465.0 1.5198846843952143
593.3055555555555 465.0 2.6008275670720282
593.3055555555555 465.0 3.786150792140422
593.3055555555555 465.0 5.1234255425745205
593.3055555555555 465.0 6.666321349599367
593.3055555555555 465.0 8.476760039425491
593.3055555555555 465.0 10.62740087355701
593.3055555555555 465.0 13.204556620079774
593.3055555555555 465.0 16.31165758810932
593.3055555555555 465.0 20.07340264926414
593.3055555555555 465.0 24.64076384123113
593.3055555555555 465.0 30.197045405736844
593.3055555555555 465.0 36.965240431392644
593.3055555555555 465.0 45.21698034932272
593.3055555555555 515.0 0.49994011078027056
593.3055555555555 515.0 1.5198846843952143
593.3055555555555 515.0 2.6008275670720282
593.3055555555555 515.0 3.786150792140422
593.3055555555555 515.0 5.1234255425745205
593.3055555555555 515.0 6.666321349599367
593.3055555555555 515.0 8.476760039425491
593.3055555555555 515.0 10.62740087355701
593.3055555555555 515.0 13.204556620079774
593.3055555555555 515.0 16.31165758810932
593.3055555555555 515.0 20.07340264926414
593.3055555555555 515.0 24.64076384123113
593.3055555555555 515.0 30.197045405736844
593.3055555555555 515.0 36.965240431392644
593.3055555555555 515.0 45.21698034932272
593.3055555555555 565.0 0.49994011078027056
593.3055555555555 565.0 1.5198846843952143
593.3055555555555 565.0 2.6008275670720282
593.3055555555555 565.0 3.786150792140422
593.3055555555555 565.0 5.1234255425745205
593.3055555555555 565.0 6.666321349599367
593.3055555555555 565.0 8.476760039425491
593.3055555555555 565.0 10.62740087355701
593.3055555555555 565.0 13.204556620079774
593.3055555555555 565.0 16.31165758810932
593.3055555555555 565.0 20.07340264926414
593.3055555555555 565.0 24.64076384123113
593.3055555555555 565.0 30.197045405736844
593.3055555555555 565.0 36.965240431392644
593.3055555555555 565.0 45.21698034932272
593.3055555555555 615.0 0.49994011078027056
593.3055555555555 615.0 1.5198846843952143
593.3055555555555 615.0 2.6008275670720282
593.3055555555555 615.0 3.786150792140422
593.3055555555555 615.0 5.1234255425745205
593.3055555555555 615.0 6.666321349599367
593.3055555555555 615.0 8.476760039425491
593.3055555555555 615.0 10.62740087355701
593.3055555555555 615.0 13.204556620079774
593.3055555555555 615.0 16.31165758810932
593.3055555555555 615.0 20.07340264926414
593.3055555555555 615.0 24.64076384123113
593.3055555555555 615.0 30.197045405736844
593.3055555555555 615.0 36.965240431392644
593.3055555555555 615.0 45.21698034932272
593.3055555555555 665.0 0.49994011078027056
593.3055555555555 665.0 1.5198846843952143
593.3055555555555 665.0 2.6008275670720282
593.3055555555555 665.0 3.786150792140422
593.3055555555555 665.0 5.1234255425745205
593.3055555555555 665.0 6.666321349599367
593.3055555555555 665.0 8.476760039425491
593.3055555555555 665.0 10.62740087355701
593.3055555555555 665.0 13.204556620079774
593.3055555555555 665.0 16.31165758810932
593.3055555555555 665.0 20.07340264926414
593.3055555555555 665.0 24.64076384123113
593.3055555555555 665.0 30.197045405736844
593.3055555555555 665.0 36.965240431392644
593.3055555555555 665.0 45.21698034932272
593.3055555555555 715.0 0.49994011078027056
593.3055555555555 715.0 1.5198846843952143
593.3055555555555 715.0 2.6008275670720282
593.3055555555555 715.0 3.786150792140422
593.3055555555555 715.0 5.1234255425745205
593.3055555555555 715.0 6.666321349599367
593.3055555555555 715.0 8.476760039425491
593.3055555555555 715.0 10.62740087355701
593.3055555555555 715.0 13.204556620079774
593.3055555555555 715.0 16.31165758810932
593.3055555555555 715.0 20.07340264926414
593.3055555555555 715.0 24.64076384123113
593.3055555555555 715.0 30.197045405736844
593.3055555555555 715.0 36.965240431392644
593.3055555555555 715.0 45.21698034932272
593.3055555555555 765.0 0.49994011078027056
593.3055555555555 765.0 1.5198846843952143
593.3055555555555 765.0 2.6008275670720282
593.3055555555555 765.0 3.786150792140422
593.3055555555555 765.0 5.1234255425745205
593.3055555555555 765.0 6.666321349599367
593.3055555555555 765.0 8.476760039425491
593.3055555555555 765.0 10.62740087355701
593.3055555555555 765.0 13.204556620079774
593.3055555555555 765.0 16.31165758810932
593.3055555555555 765.0 20.07340264926414
593.3055555555555 765.0 24.64076384123113
593.3055555555555 765.0 30.197045405736844
593.3055555555555 765.0 36.965240431392644
593.3055555555555 765.0 45.21698034932272
593.3055555555555 815.0 0.49994011078027056
593.3055555555555 815.0 1.5198846843952143
593.3055555555555 815.0 2.6008275670720282
593.3055555555555 815.0 3.786150792140422
593.3055555555555 815.0 5.1234255425745205
593.3055555555555 815.0 6.666321349599367
593.3055555555555 815.0 8.476760039425491
593.3055555555555 815.0 10.62740087355701
593.3055555555555 815.0 13.204556620079774
593.3055555555555 815.0 16.31165758810932
593.3055555555555 815.0 20.07340264926414
593.3055555555555 815.0 24.64076384123113
593.3055555555555 815.0 30.197045405736844
593.3055555555555 815.0 36.965240431392644
593.3055555555555 815.0 45.21698034932272
593.3055555555555 865.0 0.49994011078027056
593.3055555555555 865.0 1.5198846843952143
593.3055555555555 865.0 2.6008275670720282
593.3055555555555 865.0 3.786150792140422
593.3055555555555 865.0 5.1234255425745205
593.3055555555555 865.0 6.666321349599367
593.3055555555555 865.0 8.476760039425491
593.3055555555555 865.0 10.62740087355701
593.3055555555555 865.0 13.204556620079774
593.3055555555555 865.0 16.31165758810932
593.3055555555555 865.0 20.07340264926414
593.3055555555555 865.0 24.64076384123113
593.3055555555555 865.0 30.197045405736844
593.3055555555555 865.0 36.965240431392644
593.3055555555555 865.0 45.21698034932272
593.3055555555555 915.0 0.49994011078027056
593.3055555555555 915.0 1.5198846843952143
593.3055555555555 915.0 2.6008275670720282
593.3055555555555 915.0 3.786150792140422
593.3055555555555 915.0 5.1234255425745205
593.3055555555555 915.0 6.666321349599367
593.3055555555555 915.0 8.476760039425491
593.3055555555555 915.0 10.62740087355701
593.3055555555555 915.0 13.204556620079774
593.3055555555555 915.0 16.31165758810932
593.3055555555555 915.0 20.07340264926414
593.3055555555555 915.0 24.64076384123113
593.3055555555555 915.0 30.197045405736844
593.3055555555555 915.0 36.965240431392644
593.3055555555555 915.0 45.21698034932272
593.3055555555555 965.0 0.49994011078027056
593.3055555555555 965.0 1.5198846843952143
593.3055555555555 965.0 2.6008275670720282
593.3055555555555 965.0 3.786150792140422
593.3055555555555 965.0 5.1234255425745205
593.3055555555555 965.0 6.666321349599367
593.3055555555555 965.0 8.476760039425491
593.3055555555555 965.0 10.62740087355701
593.3055555555555 965.0 13.204556620079774
593.3055555555555 965.0 16.31165758810932
593.3055555555555 965.0 20.07340264926414
593.3055555555555 965.0 24.64076384123113
593.3055555555555 965.0 30.197045405736844
593.3055555555555 965.0 36.965240431392644
593.3055555555555 965.0 45.21698034932272
644.0277777777778 15.0 0.49994011078027056
644.0277777777778 15.0 1.5198846843952143
644.0277777777778 15.0 2.6008275670720282
644.0277777777778 15.0 3.786150792140422
644.0277777777778 15.0 5.1234255425745205
644.0277777777778 15.0 6.666321349599367
644.0277777777778 15.0 8.476760039425491
644.0277777777778 15.0 10.62740087355701
644.0277777777778 15.0 13.204556620079774
644.0277777777778 15.0 16.31165758810932
644.0277777777778 15.0 20.07340264926414
644.0277777777778 15.0 24.64076384123113
644.0277777777778 15.0 30.197045405736844
644.0277777777778 15.0 36.965240431392644
644.0277777777778 15.0 45.21698034932272
644.0277777777778 65.0 0.49994011078027056
644.0277777777778 65.0 1.5198846843952143
644.0277777777778 65.0 2.6008275670720282
644.0277777777778 65.0 3.786150792140422
644.0277777777778 65.0 5.1234255425745205
644.0277777777778 65.0 6.666321349599367
644.0277777777778 65.0 8.476760039425491
644.0277777777778 65.0 10.62740087355701
644.0277777777778 65.0 13.204556620079774
644.0277777777778 65.0 16.31165758810932
644.0277777777778 65.0 20.07340264926414
644.0277777777778 65.0 24.64076384123113
644.0277777777778 65.0 30.197045405736844
644.0277777777778 65.0 36.965240431392644
644.0277777777778 65.0 45.21698034932272
644.0277777777778 115.0 0.49994011078027056
644.0277777777778 115.0 1.5198846843952143
644.0277777777778 115.0 2.6008275670720282
644.0277777777778 115.0 3.786150792140422
644.0277777777778 115.0 5.1234255425745205
644.0277777777778 115.0 6.666321349599367
644.0277777777778 115.0 8.476760039425491
644.0277777777778 115.0 10.62740087355701
644.0277777777778 115.0 13.204556620079774
644.0277777777778 115.0 16.31165758810932
644.0277777777778 115.0 20.07340264926414
644.0277777777778 115.0 24.64076384123113
644.0277777777778 115.0 30.197045405736844
644.0277777777778 115.0 36.965240431392644
644.0277777777778 115.0 45.21698034932272
644.0277777777778 165.0 0.49994011078027056
644.0277777777778 165.0 1.5198846843952143
644.0277777777778 165.0 2.6008275670720282
644.0277777777778 165.0 3.786150792140422
644.0277777777778 165.0 5.1234255425745205
644.0277777777778 165.0 6.666321349599367
644.0277777777778 165.0 8.476760039425491
644.0277777777778 165.0 10.62740087355701
644.0277777777778 165.0 13.204556620079774
644.0277777777778 165.0 16.31165758810932
644.0277777777778 165.0 20.07340264926414
644.0277777777778 165.0 24.64076384123113
644.0277777777778 165.0 30.197045405736844
644.0277777777778 165.0 36.965240431392644
644.0277777777778 165.0 45.21698034932272
644.0277777777778 215.0 0.49994011078027056
644.0277777777778 215.0 1.5198846843952143
644.0277777777778 215.0 2.6008275670720282
644.0277777777778 215.0 3.786150792140422
644.0277777777778 215.0 5.1234255425745205
644.0277777777778 215.0 6.666321349599367
644.0277777777778 215.0 8.476760039425491
644.0277777777778 215.0 10.62740087355701
644.0277777777778 215.0 13.204556620079774
644.0277777777778 215.0 16.31165758810932
644.0277777777778 215.0 20.07340264926414
644.0277777777778 215.0 24.64076384123113
644.0277777777778 215.0 30.197045405736844
644.0277777777778 215.0 36.965240431392644
644.0277777777778 215.0 45.21698034932272
644.0277777777778 265.0 0.49994011078027056
644.0277777777778 265.0 1.5198846843952143
644.0277777777778 265.0 2.6008275670720282
644.0277777777778 265.0 3.786150792140422
644.0277777777778 265.0 5.1234255425745205
644.0277777777778 265.0 6.666321349599367
644.0277777777778 265.0 8.476760039425491
644.0277777777778 265.0 10.62740087355701
644.0277777777778 265.0 13.204556620079774
644.0277777777778 265.0 16.31165758810932
644.0277777777778 265.0 20.07340264926414
644.0277777777778 265.0 24.64076384123113
644.0277777777778 265.0 30.197045405736844
644.0277777777778 265.0 36.965240431392644
644.0277777777778 265.0 45.21698034932272
644.0277777777778 315.0 0.49994011078027056
644.0277777777778 315.0 1.5198846843952143
644.0277777777778 315.0 2.6008275670720282
644.0277777777778 315.0 3.786150792140422
644.0277777777778 315.0 5.1234255425745205
644.0277777777778 315.0 6.666321349599367
644.0277777777778 315.0 8.476760039425491
644.0277777777778 315.0 10.62740087355701
644.0277777777778 315.0 13.204556620079774
644.0277777777778 315.0 16.31165758810932
644.0277777777778 315.0 20.07340264926414
644.0277777777778 315.0 24.64076384123113
644.0277777777778 315.0 30.197045405736844
644.0277777777778 315.0 36.965240431392644
644.0277777777778 315.0 45.21698034932272
644.0277777777778 365.0 0.49994011078027056
644.0277777777778 365.0 1.5198846843952143
644.0277777777778 365.0 2.6008275670720282
644.0277777777778 365.0 3.786150792140422
644.0277777777778 365.0 5.1234255425745205
644.0277777777778 365.0 6.666321349599367
644.0277777777778 365.0 8.476760039425491
644.0277777777778 365.0 10.62740087355701
644.0277777777778 365.0 13.204556620079774
644.0277777777778 365.0 16.31165758810932
644.0277777777778 365.0 20.07340264926414
644.0277777777778 365.0 24.64076384123113
644.0277777777778 365.0 30.197045405736844
644.0277777777778 365.0 36.965240431392644
644.0277777777778 365.0 45.21698034932272
644.0277777777778 415.0 0.49994011078027056
644.0277777777778 415.0 1.5198846843952143
644.0277777777778 415.0 2.6008275670720282
644.0277777777778 415.0 3.786150792140422
644.0277777777778 415.0 5.1234255425745205
644.0277777777778 415.0 6.666321349599367
644.0277777777778 415.0 8.476760039425491
644.0277777777778 415.0 10.62740087355701
644.0277777777778 415.0 13.204556620079774
644.0277777777778 415.0 16.31165758810932
644.0277777777778 415.0 20.07340264926414
644.0277777777778 415.0 24.64076384123113
644.0277777777778 415.0 30.197045405736844
644.0277777777778 415.0 36.965240431392644
644.0277777777778 415.0 45.21698034932272
644.0277777777778 465.0 0.49994011078027056
644.0277777777778 465.0 1.5198846843952143
644.0277777777778 465.0 2.6008275670720282
644.0277777777778 465.0 3.786150792140422
644.0277777777778 465.0 5.1234255425745205
644.0277777777778 465.0 6.666321349599367
644.0277777777778 465.0 8.476760039425491
644.0277777777778 465.0 10.62740087355701
644.0277777777778 465.0 13.204556620079774
644.0277777777778 465.0 16.31165758810932
644.0277777777778 465.0 20.07340264926414
644.0277777777778 465.0 24.64076384123113
644.0277777777778 465.0 30.197045405736844
644.0277777777778 465.0 36.965240431392644
644.0277777777778 465.0 45.21698034932272
644.0277777777778 515.0 0.49994011078027056
644.0277777777778 515.0 1.5198846843952143
644.0277777777778 515.0 2.6008275670720282
644.0277777777778 515.0 3.786150792140422
644.0277777777778 515.0 5.1234255425745205
644.0277777777778 515.0 6.666321349599367
644.0277777777778 515.0 8.476760039425491
644.0277777777778 515.0 10.62740087355701
644.0277777777778 515.0 13.204556620079774
644.0277777777778 515.0 16.31165758810932
644.0277777777778 515.0 20.07340264926414
644.0277777777778 515.0 24.64076384123113
644.0277777777778 515.0 30.197045405736844
644.0277777777778 515.0 36.965240431392644
644.0277777777778 515.0 45.21698034932272
644.0277777777778 565.0 0.49994011078027056
644.0277777777778 565.0 1.5198846843952143
644.0277777777778 565.0 2.6008275670720282
644.0277777777778 565.0 3.786150792140422
644.0277777777778 565.0 5.1234255425745205
644.0277777777778 565.0 6.666321349599367
644.0277777777778 565.0 8.476760039425491
644.0277777777778 565.0 10.62740087355701
644.0277777777778 565.0 13.204556620079774
644.0277777777778 565.0 16.31165758810932
644.0277777777778 565.0 20.07340264926414
644.0277777777778 565.0 24.64076384123113
644.0277777777778 565.0 30.197045405736844
644.0277777777778 565.0 36.965240431392644
644.0277777777778 565.0 45.21698034932272
644.0277777777778 615.0 0.49994011078027056
644.0277777777778 615.0 1.5198846843952143
644.0277777777778 615.0 2.6008275670720282
644.0277777777778 615.0 3.786150792140422
644.0277777777778 615.0 5.1234255425745205
644.0277777777778 615.0 6.666321349599367
644.0277777777778 615.0 8.476760039425491
644.0277777777778 615.0 10.62740087355701
644.0277777777778 615.0 13.204556620079774
644.0277777777778 615.0 16.31165758810932
644.0277777777778 615.0 20.07340264926414
644.0277777777778 615.0 24.64076384123113
644.0277777777778 615.0 30.197045405736844
644.0277777777778 615.0 36.965240431392644
644.0277777777778 615.0 45.21698034932272
644.0277777777778 665.0 0.49994011078027056
644.0277777777778 665.0 1.5198846843952143
644.0277777777778 665.0 2.6008275670720282
644.0277777777778 665.0 3.786150792140422
644.0277777777778 665.0 5.1234255425745205
644.0277777777778 665.0 6.666321349599367
644.0277777777778 665.0 8.476760039425491
644.0277777777778 665.0 10.62740087355701
644.0277777777778 665.0 13.204556620079774
644.0277777777778 665.0 16.31165758810932
644.0277777777778 665.0 20.07340264926414
644.0277777777778 665.0 24.64076384123113
644.0277777777778 665.0 30.197045405736844
644.0277777777778 665.0 36.965240431392644
644.0277777777778 665.0 45.21698034932272
644.0277777777778 715.0 0.49994011078027056
644.0277777777778 715.0 1.5198846843952143
644.0277777777778 715.0 2.6008275670720282
644.0277777777778 715.0 3.786150792140422
644.0277777777778 715.0 5.1234255425745205
644.0277777777778 715.0 6.666321349599367
644.0277777777778 715.0 8.476760039425491
644.0277777777778 715.0 10.62740087355701
644.0277777777778 715.0 13.204556620079774
644.0277777777778 715.0 16.31165758810932
644.0277777777778 715.0 20.07340264926414
644.0277777777778 715.0 24.64076384123113
644.0277777777778 715.0 30.197045405736844
644.0277777777778 715.0 36.965240431392644
644.0277777777778 715.0 45.21698034932272
644.0277777777778 765.0 0.49994011078027056
644.0277777777778 765.0 1.5198846843952143
644.0277777777778 765.0 2.6008275670720282
644.0277777777778 765.0 3.786150792140422
644.0277777777778 765.0 5.1234255425745205
644.0277777777778 765.0 6.666321349599367
644.0277777777778 765.0 8.476760039425491
644.0277777777778 765.0 10.62740087355701
644.0277777777778 765.0 13.204556620079774
644.0277777777778 765.0 16.31165758810932
644.0277777777778 765.0 20.07340264926414
644.0277777777778 765.0 24.64076384123113
644.0277777777778 765.0 30.197045405736844
644.0277777777778 765.0 36.965240431392644
644.0277777777778 765.0 45.21698034932272
644.0277777777778 815.0 0.49994011078027056
644.0277777777778 815.0 1.5198846843952143
644.0277777777778 815.0 2.6008275670720282
644.0277777777778 815.0 3.786150792140422
644.0277777777778 815.0 5.1234255425745205
644.0277777777778 815.0 6.666321349599367
644.0277777777778 815.0 8.476760039425491
644.0277777777778 815.0 10.62740087355701
644.0277777777778 815.0 13.204556620079774
644.0277777777778 815.0 16.31165758810932
644.0277777777778 815.0 20.07340264926414
644.0277777777778 815.0 24.64076384123113
644.0277777777778 815.0 30.197045405736844
644.0277777777778 815.0 36.965240431392644
644.0277777777778 815.0 45.21698034932272
644.0277777777778 865.0 0.49994011078027056
644.0277777777778 865.0 1.5198846843952143
644.0277777777778 865.0 2.6008275670720282
644.0277777777778 865.0 3.786150792140422
644.0277777777778 865.0 5.1234255425745205
644.0277777777778 865.0 6.666321349599367
644.0277777777778 865.0 8.476760039425491
644.0277777777778 865.0 10.62740087355701
644.0277777777778 865.0 13.204556620079774
644.0277777777778 865.0 16.31165758810932
644.0277777777778 865.0 20.07340264926414
644.0277777777778 865.0 24.64076384123113
644.0277777777778 865.0 30.197045405736844
644.0277777777778 865.0 36.965240431392644
644.0277777777778 865.0 45.21698034932272
644.0277777777778 915.0 0.49994011078027056
644.0277777777778 915.0 1.5198846843952143
644.0277777777778 915.0 2.6008275670720282
644.0277777777778 915.0 3.786150792140422
644.0277777777778 915.0 5.1234255425745205
644.0277777777778 915.0 6.666321349599367
644.0277777777778 915.0 8.476760039425491
644.0277777777778 915.0 10.62740087355701
644.0277777777778 915.0 13.204556620079774
644.0277777777778 915.0 16.31165758810932
644.0277777777778 915.0 20.07340264926414
644.0277777777778 915.0 24.64076384123113
644.0277777777778 915.0 30.197045405736844
644.0277777777778 915.0 36.965240431392644
644.0277777777778 915.0 45.21698034932272
644.0277777777778 965.0 0.49994011078027056
644.0277777777778 965.0 1.5198846843952143
644.0277777777778 965.0 2.6008275670720282
644.0277777777778 965.0 3.786150792140422
644.0277777777778 965.0 5.1234255425745205
644.0277777777778 965.0 6.666321349599367
644.0277777777778 965.0 8.476760039425491
644.0277777777778 965.0 10.62740087355701
644.0277777777778 965.0 13.204556620079774
644.0277777777778 965.0 16.31165758810932
644.0277777777778 965.0 20.07340264926414
644.0277777777778 965.0 24.64076384123113
644.0277777777778 965.0 30.197045405736844
644.0277777777778 965.0 36.965240431392644
644.0277777777778 965.0 45.21698034932272
694.75 15.0 0.49994011078027056
694.75 15.0 1.5198846843952143
694.75 15.0 2.6008275670720282
694.75 15.0 3.786150792140422
694.75 15.0 5.1234255425745205
694.75 15.0 6.666321349599367
694.75 15.0 8.476760039425491
694.75 15.0 10.62740087355701
694.75 15.0 13.204556620079774
694.75 15.0 16.31165758810932
694.75 15.0 20.07340264926414
694.75 15.0 24.64076384123113
694.75 15.0 30.197045405736844
694.75 15.0 36.965240431392644
694.75 15.0 45.21698034932272
694.75 65.0 0.49994011078027056
694.75 65.0 1.5198846843952143
694.75 65.0 2.6008275670720282
694.75 65.0 3.786150792140422
694.75 65.0 5.1234255425745205
694.75 65.0 6.666321349599367
694.75 65.0 8.476760039425491
694.75 65.0 10.62740087355701
694.75 65.0 13.204556620079774
694.75 65.0 16.31165758810932
694.75 65.0 20.07340264926414
694.75 65.0 24.64076384123113
694.75 65.0 30.197045405736844
694.75 65.0 36.965240431392644
694.75 65.0 45.21698034932272
694.75 115.0 0.49994011078027056
694.75 115.0 1.5198846843952143
694.75 115.0 2.6008275670720282
694.75 115.0 3.786150792140422
694.75 115.0 5.1234255425745205
694.75 115.0 6.666321349599367
694.75 115.0 8.476760039425491
694.75 115.0 10.62740087355701
694.75 115.0 13.204556620079774
694.75 115.0 16.31165758810932
694.75 115.0 20.07340264926414
694.75 115.0 24.64076384123113
694.75 115.0 30.197045405736844
694.75 115.0 36.965240431392644
694.75 115.0 45.21698034932272
694.75 165.0 0.49994011078027056
694.75 165.0 1.5198846843952143
694.75 165.0 2.6008275670720282
694.75 165.0 3.786150792140422
694.75 165.0 5.1234255425745205
694.75 165.0 6.666321349599367
694.75 165.0 8.476760039425491
694.75 165.0 10.62740087355701
694.75 165.0 13.204556620079774
694.75 165.0 16.31165758810932
694.75 165.0 20.07340264926414
694.75 165.0 24.64076384123113
694.75 165.0 30.197045405736844
694.75 165.0 36.965240431392644
694.75 165.0 45.21698034932272
694.75 215.0 0.49994011078027056
694.75 215.0 1.5198846843952143
694.75 215.0 2.6008275670720282
694.75 215.0 3.786150792140422
694.75 215.0 5.1234255425745205
694.75 215.0 6.666321349599367
694.75 215.0 8.476760039425491
694.75 215.0 10.62740087355701
694.75 215.0 13.204556620079774
694.75 215.0 16.31165758810932
694.75 215.0 20.07340264926414
694.75 215.0 24.64076384123113
694.75 215.0 30.197045405736844
694.75 215.0 36.965240431392644
694.75 215.0 45.21698034932272
694.75 265.0 0.49994011078027056
694.75 265.0 1.5198846843952143
694.75 265.0 2.6008275670720282
694.75 265.0 3.786150792140422
694.75 265.0 5.1234255425745205
694.75 265.0 6.666321349599367
694.75 265.0 8.476760039425491
694.75 265.0 10.62740087355701
694.75 265.0 13.204556620079774
694.75 265.0 16.31165758810932
694.75 265.0 20.07340264926414
694.75 265.0 24.64076384123113
694.75 265.0 30.197045405736844
694.75 265.0 36.965240431392644
694.75 265.0 45.21698034932272
694.75 315.0 0.49994011078027056
694.75 315.0 1.5198846843952143
694.75 315.0 2.6008275670720282
694.75 315.0 3.786150792140422
694.75 315.0 5.1234255425745205
694.75 315.0 6.666321349599367
694.75 315.0 8.476760039425491
694.75 315.0 10.62740087355701
694.75 315.0 13.204556620079774
694.75 315.0 16.31165758810932
694.75 315.0 20.07340264926414
694.75 315.0 24.64076384123113
694.75 315.0 30.197045405736844
694.75 315.0 36.965240431392644
694.75 315.0 45.21698034932272
694.75 365.0 0.49994011078027056
694.75 365.0 1.5198846843952143
694.75 365.0 2.6008275670720282
694.75 365.0 3.786150792140422
694.75 365.0 5.1234255425745205
694.75 365.0 6.666321349599367
694.75 365.0 8.476760039425491
694.75 365.0 10.62740087355701
694.75 365.0 13.204556620079774
694.75 365.0 16.31165758810932
694.75 365.0 20.07340264926414
694.75 365.0 24.64076384123113
694.75 365.0 30.197045405736844
694.75 365.0 36.965240431392644
694.75 365.0 45.21698034932272
694.75 415.0 0.49994011078027056
694.75 415.0 1.5198846843952143
694.75 415.0 2.6008275670720282
694.75 415.0 3.786150792140422
694.75 415.0 5.1234255425745205
694.75 415.0 6.666321349599367
694.75 415.0 8.476760039425491
694.75 415.0 10.62740087355701
694.75 415.0 13.204556620079774
694.75 415.0 16.31165758810932
694.75 415.0 20.07340264926414
694.75 415.0 24.64076384123113
694.75 415.0 30.197045405736844
694.75 415.0 36.965240431392644
694.75 415.0 45.21698034932272
694.75 465.0 0.49994011078027056
694.75 465.0 1.5198846843952143
694.75 465.0 2.6008275670720282
694.75 465.0 3.786150792140422
694.75 465.0 5.1234255425745205
694.75 465.0 6.666321349599367
694.75 465.0 8.476760039425491
694.75 465.0 10.62740087355701
694.75 465.0 13.204556620079774
694.75 465.0 16.31165758810932
694.75 465.0 20.07340264926414
694.75 465.0 24.64076384123113
694.75 465.0 30.197045405736844
694.75 465.0 36.965240431392644
694.75 465.0 45.21698034932272
694.75 515.0 0.49994011078027056
694.75 515.0 1.5198846843952143
694.75 515.0 2.6008275670720282
694.75 515.0 3.786150792140422
694.75 515.0 5.1234255425745205
694.75 515.0 6.666321349599367
694.75 515.0 8.476760039425491
694.75 515.0 10.62740087355701
694.75 515.0 13.204556620079774
694.75 515.0 16.31165758810932
694.75 515.0 20.07340264926414
694.75 515.0 24.64076384123113
694.75 515.0 30.197045405736844
694.75 515.0 36.965240431392644
694.75 515.0 45.21698034932272
694.75 565.0 0.49994011078027056
694.75 565.0 1.5198846843952143
694.75 565.0 2.6008275670720282
694.75 565.0 3.786150792140422
694.75 565.0 5.1234255425745205
694.75 565.0 6.666321349599367
694.75 565.0 8.476760039425491
694.75 565.0 10.62740087355701
694.75 565.0 13.204556620079774
694.75 565.0 16.31165758810932
694.75 565.0 20.07340264926414
694.75 565.0 24.64076384123113
694.75 565.0 30.197045405736844
694.75 565.0 36.965240431392644
694.75 565.0 45.21698034932272
694.75 615.0 0.49994011078027056
694.75 615.0 1.5198846843952143
694.75 615.0 2.6008275670720282
694.75 615.0 3.786150792140422
694.75 615.0 5.1234255425745205
694.75 615.0 6.666321349599367
694.75 615.0 8.476760039425491
694.75 615.0 10.62740087355701
694.75 615.0 13.204556620079774
694.75 615.0 16.31165758810932
694.75 615.0 20.07340264926414
694.75 615.0 24.64076384123113
694.75 615.0 30.197045405736844
694.75 615.0 36.965240431392644
694.75 615.0 45.21698034932272
694.75 665.0 0.49994011078027056
694.75 665.0 1.5198846843952143
694.75 665.0 2.6008275670720282
694.75 665.0 3.786150792140422
694.75 665.0 5.1234255425745205
694.75 665.0 6.666321349599367
694.75 665.0 8.476760039425491
694.75 665.0 10.62740087355701
694.75 665.0 13.204556620079774
694.75 665.0 16.31165758810932
694.75 665.0 20.07340264926414
694.75 665.0 24.64076384123113
694.75 665.0 30.197045405736844
694.75 665.0 36.965240431392644
694.75 665.0 45.21698034932272
694.75 715.0 0.49994011078027056
694.75 715.0 1.5198846843952143
694.75 715.0 2.6008275670720282
694.75 715.0 3.786150792140422
694.75 715.0 5.1234255425745205
694.75 715.0 6.666321349599367
694.75 715.0 8.476760039425491
694.75 715.0 10.62740087355701
694.75 715.0 13.204556620079774
694.75 715.0 16.31165758810932
694.75 715.0 20.07340264926414
694.75 715.0 24.64076384123113
694.75 715.0 30.197045405736844
694.75 715.0 36.965240431392644
694.75 715.0 45.21698034932272
694.75 765.0 0.49994011078027056
694.75 765.0 1.5198846843952143
694.75 765.0 2.6008275670720282
694.75 765.0 3.786150792140422
694.75 765.0 5.1234255425745205
694.75 765.0 6.666321349599367
694.75 765.0 8.476760039425491
694.75 765.0 10.62740087355701
694.75 765.0 13.204556620079774
694.75 765.0 16.31165758810932
694.75 765.0 20.07340264926414
694.75 765.0 24.64076384123113
694.75 765.0 30.197045405736844
694.75 765.0 36.965240431392644
694.75 765.0 45.21698034932272
694.75 815.0 0.49994011078027056
694.75 815.0 1.5198846843952143
694.75 815.0 2.6008275670720282
694.75 815.0 3.786150792140422
694.75 815.0 5.1234255425745205
694.75 815.0 6.666321349599367
694.75 815.0 8.476760039425491
694.75 815.0 10.62740087355701
694.75 815.0 13.204556620079774
694.75 815.0 16.31165758810932
694.75 815.0 20.07340264926414
694.75 815.0 24.64076384123113
694.75 815.0 30.197045405736844
694.75 815.0 36.965240431392644
694.75 815.0 45.21698034932272
694.75 865.0 0.49994011078027056
694.75 865.0 1.5198846843952143
694.75 865.0 2.6008275670720282
694.75 865.0 3.786150792140422
694.75 865.0 5.1234255425745205
694.75 865.0 6.666321349599367
694.75 865.0 8.476760039425491
694.75 865.0 10.62740087355701
694.75 865.0 13.204556620079774
694.75 865.0 16.31165758810932
694.75 865.0 20.07340264926414
694.75 865.0 24.64076384123113
694.75 865.0 30.197045405736844
694.75 865.0 36.965240431392644
694.75 865.0 45.21698034932272
694.75 915.0 0.49994011078027056
694.75 915.0 1.5198846843952143
694.75 915.0 2.6008275670720282
694.75 915.0 3.786150792140422
694.75 915.0 5.1234255425745205
694.75 915.0 6.666321349599367
694.75 915.0 8.476760039425491
694.75 915.0 10.62740087355701
694.75 915.0 13.204556620079774
694.75 915.0 16.31165758810932
694.75 915.0 20.07340264926414
694.75 915.0 24.64076384123113
694.75 915.0 30.197045405736844
694.75 915.0 36.965240431392644
694.75 915.0 45.21698034932272
694.75 965.0 0.49994011078027056
694.75 965.0 1.5198846843952143
694.75 965.0 2.6008275670720282
694.75 965.0 3.786150792140422
694.75 965.0 5.1234255425745205
694.75 965.0 6.666321349599367
694.75 965.0 8.476760039425491
694.75 965.0 10.62740087355701
694.75 965.0 13.204556620079774
694.75 965.0 16.31165758810932
694.75 965.0 20.07340264926414
694.75 965.0 24.64076384123113
694.75 965.0 30.197045405736844
694.75 965.0 36.965240431392644
694.75 965.0 45.21698034932272
745.4722222222222 15.0 0.49994011078027056
745.4722222222222 15.0 1.5198846843952143
745.4722222222222 15.0 2.6008275670720282
745.4722222222222 15.0 3.786150792140422
745.4722222222222 15.0 5.1234255425745205
745.4722222222222 15.0 6.666321349599367
745.4722222222222 15.0 8.476760039425491
745.4722222222222 15.0 10.62740087355701
745.4722222222222 15.0 13.204556620079774
745.4722222222222 15.0 16.31165758810932
745.4722222222222 15.0 20.07340264926414
745.4722222222222 15.0 24.64076384123113
745.4722222222222 15.0 30.197045405736844
745.4722222222222 15.0 36.965240431392644
745.4722222222222 15.0 45.21698034932272
745.4722222222222 65.0 0.49994011078027056
745.4722222222222 65.0 1.5198846843952143
745.4722222222222 65.0 2.6008275670720282
745.4722222222222 65.0 3.786150792140422
745.4722222222222 65.0 5.1234255425745205
745.4722222222222 65.0 6.666321349599367
745.4722222222222 65.0 8.476760039425491
745.4722222222222 65.0 10.62740087355701
745.4722222222222 65.0 13.204556620079774
745.4722222222222 65.0 16.31165758810932
745.4722222222222 65.0 20.07340264926414
745.4722222222222 65.0 24.64076384123113
745.4722222222222 65.0 30.197045405736844
745.4722222222222 65.0 36.965240431392644
745.4722222222222 65.0 45.21698034932272
745.4722222222222 115.0 0.49994011078027056
745.4722222222222 115.0 1.5198846843952143
745.4722222222222 115.0 2.6008275670720282
745.4722222222222 115.0 3.786150792140422
745.4722222222222 115.0 5.1234255425745205
745.4722222222222 115.0 6.666321349599367
745.4722222222222 115.0 8.476760039425491
745.4722222222222 115.0 10.62740087355701
745.4722222222222 115.0 13.204556620079774
745.4722222222222 115.0 16.31165758810932
745.4722222222222 115.0 20.07340264926414
745.4722222222222 115.0 24.64076384123113
745.4722222222222 115.0 30.197045405736844
745.4722222222222 115.0 36.965240431392644
745.4722222222222 115.0 45.21698034932272
745.4722222222222 165.0 0.49994011078027056
745.4722222222222 165.0 1.5198846843952143
745.4722222222222 165.0 2.6008275670720282
745.4722222222222 165.0 3.786150792140422
745.4722222222222 165.0 5.1234255425745205
745.4722222222222 165.0 6.666321349599367
745.4722222222222 165.0 8.476760039425491
745.4722222222222 165.0 10.62740087355701
745.4722222222222 165.0 13.204556620079774
745.4722222222222 165.0 16.31165758810932
745.4722222222222 165.0 20.07340264926414
745.4722222222222 165.0 24.64076384123113
745.4722222222222 165.0 30.197045405736844
745.4722222222222 165.0 36.965240431392644
745.4722222222222 165.0 45.21698034932272
745.4722222222222 215.0 0.49994011078027056
745.4722222222222 215.0 1.5198846843952143
745.4722222222222 215.0 2.6008275670720282
745.4722222222222 215.0 3.786150792140422
745.4722222222222 215.0 5.1234255425745205
745.4722222222222 215.0 6.666321349599367
745.4722222222222 215.0 8.476760039425491
745.4722222222222 215.0 10.62740087355701
745.4722222222222 215.0 13.204556620079774
745.4722222222222 215.0 16.31165758810932
745.4722222222222 215.0 20.07340264926414
745.4722222222222 215.0 24.64076384123113
745.4722222222222 215.0 30.197045405736844
745.4722222222222 215.0 36.965240431392644
745.4722222222222 215.0 45.21698034932272
745.4722222222222 265.0 0.49994011078027056
745.4722222222222 265.0 1.5198846843952143
745.4722222222222 265.0 2.6008275670720282
745.4722222222222 265.0 3.786150792140422
745.4722222222222 265.0 5.1234255425745205
745.4722222222222 265.0 6.666321349599367
745.4722222222222 265.0 8.476760039425491
745.4722222222222 265.0 10.62740087355701
745.4722222222222 265.0 13.204556620079774
745.4722222222222 265.0 16.31165758810932
745.4722222222222 265.0 20.07340264926414
745.4722222222222 265.0 24.64076384123113
745.4722222222222 265.0 30.197045405736844
745.4722222222222 265.0 36.965240431392644
745.4722222222222 265.0 45.21698034932272
745.4722222222222 315.0 0.49994011078027056
745.4722222222222 315.0 1.5198846843952143
745.4722222222222 315.0 2.6008275670720282
745.4722222222222 315.0 3.786150792140422
745.4722222222222 315.0 5.1234255425745205
745.4722222222222 315.0 6.666321349599367
745.4722222222222 315.0 8.476760039425491
745.4722222222222 315.0 10.62740087355701
745.4722222222222 315.0 13.204556620079774
745.4722222222222 315.0 16.31165758810932
745.4722222222222 315.0 20.07340264926414
745.4722222222222 315.0 24.64076384123113
745.4722222222222 315.0 30.197045405736844
745.4722222222222 315.0 36.965240431392644
745.4722222222222 315.0 45.21698034932272
745.4722222222222 365.0 0.49994011078027056
745.4722222222222 365.0 1.5198846843952143
745.4722222222222 365.0 2.6008275670720282
745.4722222222222 365.0 3.786150792140422
745.4722222222222 365.0 5.1234255425745205
745.4722222222222 365.0 6.666321349599367
745.4722222222222 365.0 8.476760039425491
745.4722222222222 365.0 10.62740087355701
745.4722222222222 365.0 13.204556620079774
745.4722222222222 365.0 16.31165758810932
745.4722222222222 365.0 20.07340264926414
745.4722222222222 365.0 24.64076384123113
745.4722222222222 365.0 30.197045405736844
745.4722222222222 365.0 36.965240431392644
745.4722222222222 365.0 45.21698034932272
745.4722222222222 415.0 0.49994011078027056
745.4722222222222 415.0 1.5198846843952143
745.4722222222222 415.0 2.6008275670720282
745.4722222222222 415.0 3.786150792140422
745.4722222222222 415.0 5.1234255425745205
745.4722222222222 415.0 6.666321349599367
745.4722222222222 415.0 8.476760039425491
745.4722222222222 415.0 10.62740087355701
745.4722222222222 415.0 13.204556620079774
745.4722222222222 415.0 16.31165758810932
745.4722222222222 415.0 20.07340264926414
745.4722222222222 415.0 24.64076384123113
745.4722222222222 415.0 30.197045405736844
745.4722222222222 415.0 36.965240431392644
745.4722222222222 415.0 45.21698034932272
745.4722222222222 465.0 0.49994011078027056
745.4722222222222 465.0 1.5198846843952143
745.4722222222222 465.0 2.6008275670720282
745.4722222222222 465.0 3.786150792140422
745.4722222222222 465.0 5.1234255425745205
745.4722222222222 465.0 6.666321349599367
745.4722222222222 465.0 8.476760039425491
745.4722222222222 465.0 10.62740087355701
745.4722222222222 465.0 13.204556620079774
745.4722222222222 465.0 16.31165758810932
745.4722222222222 465.0 20.07340264926414
745.4722222222222 465.0 24.64076384123113
745.4722222222222 465.0 30.197045405736844
745.4722222222222 465.0 36.965240431392644
745.4722222222222 465.0 45.21698034932272
745.4722222222222 515.0 0.49994011078027056
745.4722222222222 515.0 1.5198846843952143
745.4722222222222 515.0 2.6008275670720282
745.4722222222222 515.0 3.786150792140422
745.4722222222222 515.0 5.1234255425745205
745.4722222222222 515.0 6.666321349599367
745.4722222222222 515.0 8.476760039425491
745.4722222222222 515.0 10.62740087355701
745.4722222222222 515.0 13.204556620079774
745.4722222222222 515.0 16.31165758810932
745.4722222222222 515.0 20.07340264926414
745.4722222222222 515.0 24.64076384123113
745.4722222222222 515.0 30.197045405736844
745.4722222222222 515.0 36.965240431392644
745.4722222222222 515.0 45.21698034932272
745.4722222222222 565.0 0.49994011078027056
745.4722222222222 565.0 1.5198846843952143
745.4722222222222 565.0 2.6008275670720282
745.4722222222222 565.0 3.786150792140422
745.4722222222222 565.0 5.1234255425745205
745.4722222222222 565.0 6.666321349599367
745.4722222222222 565.0 8.476760039425491
745.4722222222222 565.0 10.62740087355701
745.4722222222222 565.0 13.204556620079774
745.4722222222222 565.0 16.31165758810932
745.4722222222222 565.0 20.07340264926414
745.4722222222222 565.0 24.64076384123113
745.4722222222222 565.0 30.197045405736844
745.4722222222222 565.0 36.965240431392644
745.4722222222222 565.0 45.21698034932272
745.4722222222222 615.0 0.49994011078027056
745.4722222222222 615.0 1.5198846843952143
745.4722222222222 615.0 2.6008275670720282
745.4722222222222 615.0 3.786150792140422
745.4722222222222 615.0 5.1234255425745205
745.4722222222222 615.0 6.666321349599367
745.4722222222222 615.0 8.476760039425491
745.4722222222222 615.0 10.62740087355701
745.4722222222222 615.0 13.204556620079774
745.4722222222222 615.0 16.31165758810932
745.4722222222222 615.0 20.07340264926414
745.4722222222222 615.0 24.64076384123113
745.4722222222222 615.0 30.197045405736844
745.4722222222222 615.0 36.965240431392644
745.4722222222222 615.0 45.21698034932272
745.4722222222222 665.0 0.49994011078027056
745.4722222222222 665.0 1.5198846843952143
745.4722222222222 665.0 2.6008275670720282
745.4722222222222 665.0 3.786150792140422
745.4722222222222 665.0 5.1234255425745205
745.4722222222222 665.0 6.666321349599367
745.4722222222222 665.0 8.476760039425491
745.4722222222222 665.0 10.62740087355701
745.4722222222222 665.0 13.204556620079774
745.4722222222222 665.0 16.31165758810932
745.4722222222222 665.0 20.07340264926414
745.4722222222222 665.0 24.64076384123113
745.4722222222222 665.0 30.197045405736844
745.4722222222222 665.0 36.965240431392644
745.4722222222222 665.0 45.21698034932272
745.4722222222222 715.0 0.49994011078027056
745.4722222222222 715.0 1.5198846843952143
745.4722222222222 715.0 2.6008275670720282
745.4722222222222 715.0 3.786150792140422
745.4722222222222 715.0 5.1234255425745205
745.4722222222222 715.0 6.666321349599367
745.4722222222222 715.0 8.476760039425491
745.4722222222222 715.0 10.62740087355701
745.4722222222222 715.0 13.204556620079774
745.4722222222222 715.0 16.31165758810932
745.4722222222222 715.0 20.07340264926414
745.4722222222222 715.0 24.64076384123113
745.4722222222222 715.0 30.197045405736844
745.4722222222222 715.0 36.965240431392644
745.4722222222222 715.0 45.21698034932272
745.4722222222222 765.0 0.49994011078027056
745.4722222222222 765.0 1.5198846843952143
745.4722222222222 765.0 2.6008275670720282
745.4722222222222 765.0 3.786150792140422
745.4722222222222 765.0 5.1234255425745205
745.4722222222222 765.0 6.666321349599367
745.4722222222222 765.0 8.476760039425491
745.4722222222222 765.0 10.62740087355701
745.4722222222222 765.0 13.204556620079774
745.4722222222222 765.0 16.31165758810932
745.4722222222222 765.0 20.07340264926414
745.4722222222222 765.0 24.64076384123113
745.4722222222222 765.0 30.197045405736844
745.4722222222222 765.0 36.965240431392644
745.4722222222222 765.0 45.21698034932272
745.4722222222222 815.0 0.49994011078027056
745.4722222222222 815.0 1.5198846843952143
745.4722222222222 815.0 2.6008275670720282
745.4722222222222 815.0 3.786150792140422
745.4722222222222 815.0 5.1234255425745205
745.4722222222222 815.0 6.666321349599367
745.4722222222222 815.0 8.476760039425491
745.4722222222222 815.0 10.62740087355701
745.4722222222222 815.0 13.204556620079774
745.4722222222222 815.0 16.31165758810932
745.4722222222222 815.0 20.07340264926414
745.4722222222222 815.0 24.64076384123113
745.4722222222222 815.0 30.197045405736844
745.4722222222222 815.0 36.965240431392644
745.4722222222222 815.0 45.21698034932272
745.4722222222222 865.0 0.49994011078027056
745.4722222222222 865.0 1.5198846843952143
745.4722222222222 865.0 2.6008275670720282
745.4722222222222 865.0 3.786150792140422
745.4722222222222 865.0 5.1234255425745205
745.4722222222222 865.0 6.666321349599367
745.4722222222222 865.0 8.476760039425491
745.4722222222222 865.0 10.62740087355701
745.4722222222222 865.0 13.204556620079774
745.4722222222222 865.0 16.31165758810932
745.4722222222222 865.0 20.07340264926414
745.4722222222222 865.0 24.64076384123113
745.4722222222222 865.0 30.197045405736844
745.4722222222222 865.0 36.965240431392644
745.4722222222222 865.0 45.21698034932272
745.4722222222222 915.0 0.49994011078027056
745.4722222222222 915.0 1.5198846843952143
745.4722222222222 915.0 2.6008275670720282
745.4722222222222 915.0 3.786150792140422
745.4722222222222 915.0 5.1234255425745205
745.4722222222222 915.0 6.666321349599367
745.4722222222222 915.0 8.476760039425491
745.4722222222222 915.0 10.62740087355701
745.4722222222222 915.0 13.204556620079774
745.4722222222222 915.0 16.31165758810932
745.4722222222222 915.0 20.07340264926414
745.4722222222222 915.0 24.64076384123113
745.4722222222222 915.0 30.197045405736844
745.4722222222222 915.0 36.965240431392644
745.4722222222222 915.0 45.21698034932272
745.4722222222222 965.0 0.49994011078027056
745.4722222222222 965.0 1.5198846843952143
745.4722222222222 965.0 2.6008275670720282
745.4722222222222 965.0 3.786150792140422
745.4722222222222 965.0 5.1234255425745205
745.4722222222222 965.0 6.666321349599367
745.4722222222222 965.0 8.476760039425491
745.4722222222222 965.0 10.62740087355701
745.4722222222222 965.0 13.204556620079774
745.4722222222222 965.0 16.31165758810932
745.4722222222222 965.0 20.07340264926414
745.4722222222222 965.0 24.64076384123113
745.4722222222222 965.0 30.197045405736844
745.4722222222222 965.0 36.965240431392644
745.4722222222222 965.0 45.21698034932272
796.1944444444445 15.0 0.49994011078027056
796.1944444444445 15.0 1.5198846843952143
796.1944444444445 15.0 2.6008275670720282
796.1944444444445 15.0 3.786150792140422
796.1944444444445 15.0 5.1234255425745205
796.1944444444445 15.0 6.666321349599367
796.1944444444445 15.0 8.476760039425491
796.1944444444445 15.0 10.62740087355701
796.1944444444445 15.0 13.204556620079774
796.1944444444445 15.0 16.31165758810932
796.1944444444445 15.0 20.07340264926414
796.1944444444445 15.0 24.64076384123113
796.1944444444445 15.0 30.197045405736844
796.1944444444445 15.0 36.965240431392644
796.1944444444445 15.0 45.21698034932272
796.1944444444445 65.0 0.49994011078027056
796.1944444444445 65.0 1.5198846843952143
796.1944444444445 65.0 2.6008275670720282
796.1944444444445 65.0 3.786150792140422
796.1944444444445 65.0 5.1234255425745205
796.1944444444445 65.0 6.666321349599367
796.1944444444445 65.0 8.476760039425491
796.1944444444445 65.0 10.62740087355701
796.1944444444445 65.0 13.204556620079774
796.1944444444445 65.0 16.31165758810932
796.1944444444445 65.0 20.07340264926414
796.1944444444445 65.0 24.64076384123113
796.1944444444445 65.0 30.197045405736844
796.1944444444445 65.0 36.965240431392644
796.1944444444445 65.0 45.21698034932272
796.1944444444445 115.0 0.49994011078027056
796.1944444444445 115.0 1.5198846843952143
796.1944444444445 115.0 2.6008275670720282
796.1944444444445 115.0 3.786150792140422
796.1944444444445 115.0 5.1234255425745205
796.1944444444445 115.0 6.666321349599367
796.1944444444445 115.0 8.476760039425491
796.1944444444445 115.0 10.62740087355701
796.1944444444445 115.0 13.204556620079774
796.1944444444445 115.0 16.31165758810932
796.1944444444445 115.0 20.07340264926414
796.1944444444445 115.0 24.64076384123113
796.1944444444445 115.0 30.197045405736844
796.1944444444445 115.0 36.965240431392644
796.1944444444445 115.0 45.21698034932272
796.1944444444445 165.0 0.49994011078027056
796.1944444444445 165.0 1.5198846843952143
796.1944444444445 165.0 2.6008275670720282
796.1944444444445 165.0 3.786150792140422
796.1944444444445 165.0 5.1234255425745205
796.1944444444445 165.0 6.666321349599367
796.1944444444445 165.0 8.476760039425491
796.1944444444445 165.0 10.62740087355701
796.1944444444445 165.0 13.204556620079774
796.1944444444445 165.0 16.31165758810932
796.1944444444445 165.0 20.07340264926414
796.1944444444445 165.0 24.64076384123113
796.1944444444445 165.0 30.197045405736844
796.1944444444445 165.0 36.965240431392644
796.1944444444445 165.0 45.21698034932272
796.1944444444445 215.0 0.49994011078027056
796.1944444444445 215.0 1.5198846843952143
796.1944444444445 215.0 2.6008275670720282
796.1944444444445 215.0 3.786150792140422
796.1944444444445 215.0 5.1234255425745205
796.1944444444445 215.0 6.666321349599367
796.1944444444445 215.0 8.476760039425491
796.1944444444445 215.0 10.62740087355701
796.1944444444445 215.0 13.204556620079774
796.1944444444445 215.0 16.31165758810932
796.1944444444445 215.0 20.07340264926414
796.1944444444445 215.0 24.64076384123113
796.1944444444445 215.0 30.197045405736844
796.1944444444445 215.0 36.965240431392644
796.1944444444445 215.0 45.21698034932272
796.1944444444445 265.0 0.49994011078027056
796.1944444444445 265.0 1.5198846843952143
796.1944444444445 265.0 2.6008275670720282
796.1944444444445 265.0 3.786150792140422
796.1944444444445 265.0 5.1234255425745205
796.1944444444445 265.0 6.666321349599367
796.1944444444445 265.0 8.476760039425491
796.1944444444445 265.0 10.62740087355701
796.1944444444445 265.0 13.204556620079774
796.1944444444445 265.0 16.31165758810932
796.1944444444445 265.0 20.07340264926414
796.1944444444445 265.0 24.64076384123113
796.1944444444445 265.0 30.197045405736844
796.1944444444445 265.0 36.965240431392644
796.1944444444445 265.0 45.21698034932272
796.1944444444445 315.0 0.49994011078027056
796.1944444444445 315.0 1.5198846843952143
796.1944444444445 315.0 2.6008275670720282
796.1944444444445 315.0 3.786150792140422
796.1944444444445 315.0 5.1234255425745205
796.1944444444445 315.0 6.666321349599367
796.1944444444445 315.0 8.476760039425491
796.1944444444445 315.0 10.62740087355701
796.1944444444445 315.0 13.204556620079774
796.1944444444445 315.0 16.31165758810932
796.1944444444445 315.0 20.07340264926414
796.1944444444445 315.0 24.64076384123113
796.1944444444445 315.0 30.197045405736844
796.1944444444445 315.0 36.965240431392644
796.1944444444445 315.0 45.21698034932272
796.1944444444445 365.0 0.49994011078027056
796.1944444444445 365.0 1.5198846843952143
796.1944444444445 365.0 2.6008275670720282
796.1944444444445 365.0 3.786150792140422
796.1944444444445 365.0 5.1234255425745205
796.1944444444445 365.0 6.666321349599367
796.1944444444445 365.0 8.476760039425491
796.1944444444445 365.0 10.62740087355701
796.1944444444445 365.0 13.204556620079774
796.1944444444445 365.0 16.31165758810932
796.1944444444445 365.0 20.07340264926414
796.1944444444445 365.0 24.64076384123113
796.1944444444445 365.0 30.197045405736844
796.1944444444445 365.0 36.965240431392644
796.1944444444445 365.0 45.21698034932272
796.1944444444445 415.0 0.49994011078027056
796.1944444444445 415.0 1.5198846843952143
796.1944444444445 415.0 2.6008275670720282
796.1944444444445 415.0 3.786150792140422
796.1944444444445 415.0 5.1234255425745205
796.1944444444445 415.0 6.666321349599367
796.1944444444445 415.0 8.476760039425491
796.1944444444445 415.0 10.62740087355701
796.1944444444445 415.0 13.204556620079774
796.1944444444445 415.0 16.31165758810932
796.1944444444445 415.0 20.07340264926414
796.1944444444445 415.0 24.64076384123113
796.1944444444445 415.0 30.197045405736844
796.1944444444445 415.0 36.965240431392644
796.1944444444445 415.0 45.21698034932272
796.1944444444445 465.0 0.49994011078027056
796.1944444444445 465.0 1.5198846843952143
796.1944444444445 465.0 2.6008275670720282
796.1944444444445 465.0 3.786150792140422
796.1944444444445 465.0 5.1234255425745205
796.1944444444445 465.0 6.666321349599367
796.1944444444445 465.0 8.476760039425491
796.1944444444445 465.0 10.62740087355701
796.1944444444445 465.0 13.204556620079774
796.1944444444445 465.0 16.31165758810932
796.1944444444445 465.0 20.07340264926414
796.1944444444445 465.0 24.64076384123113
796.1944444444445 465.0 30.197045405736844
796.1944444444445 465.0 36.965240431392644
796.1944444444445 465.0 45.21698034932272
796.1944444444445 515.0 0.49994011078027056
796.1944444444445 515.0 1.5198846843952143
796.1944444444445 515.0 2.6008275670720282
796.1944444444445 515.0 3.786150792140422
796.1944444444445 515.0 5.1234255425745205
796.1944444444445 515.0 6.666321349599367
796.1944444444445 515.0 8.476760039425491
796.1944444444445 515.0 10.62740087355701
796.1944444444445 515.0 13.204556620079774
796.1944444444445 515.0 16.31165758810932
796.1944444444445 515.0 20.07340264926414
796.1944444444445 515.0 24.64076384123113
796.1944444444445 515.0 30.197045405736844
796.1944444444445 515.0 36.965240431392644
796.1944444444445 515.0 45.21698034932272
796.1944444444445 565.0 0.49994011078027056
796.1944444444445 565.0 1.5198846843952143
796.1944444444445 565.0 2.6008275670720282
796.1944444444445 565.0 3.786150792140422
796.1944444444445 565.0 5.1234255425745205
796.1944444444445 565.0 6.666321349599367
796.1944444444445 565.0 8.476760039425491
796.1944444444445 565.0 10.62740087355701
796.1944444444445 565.0 13.204556620079774
796.1944444444445 565.0 16.31165758810932
796.1944444444445 565.0 20.07340264926414
796.1944444444445 565.0 24.64076384123113
796.1944444444445 565.0 30.197045405736844
796.1944444444445 565.0 36.965240431392644
796.1944444444445 565.0 45.21698034932272
796.1944444444445 615.0 0.49994011078027056
796.1944444444445 615.0 1.5198846843952143
796.1944444444445 615.0 2.6008275670720282
796.1944444444445 615.0 3.786150792140422
796.1944444444445 615.0 5.1234255425745205
796.1944444444445 615.0 6.666321349599367
796.1944444444445 615.0 8.476760039425491
796.1944444444445 615.0 10.62740087355701
796.1944444444445 615.0 13.204556620079774
796.1944444444445 615.0 16.31165758810932
796.1944444444445 615.0 20.07340264926414
796.1944444444445 615.0 24.64076384123113
796.1944444444445 615.0 30.197045405736844
796.1944444444445 615.0 36.965240431392644
796.1944444444445 615.0 45.21698034932272
796.1944444444445 665.0 0.49994011078027056
796.1944444444445 665.0 1.5198846843952143
796.1944444444445 665.0 2.6008275670720282
796.1944444444445 665.0 3.786150792140422
796.1944444444445 665.0 5.1234255425745205
796.1944444444445 665.0 6.666321349599367
796.1944444444445 665.0 8.476760039425491
796.1944444444445 665.0 10.62740087355701
796.1944444444445 665.0 13.204556620079774
796.1944444444445 665.0 16.31165758810932
796.1944444444445 665.0 20.07340264926414
796.1944444444445 665.0 24.64076384123113
796.1944444444445 665.0 30.197045405736844
796.1944444444445 665.0 36.965240431392644
796.1944444444445 665.0 45.21698034932272
796.1944444444445 715.0 0.49994011078027056
796.1944444444445 715.0 1.5198846843952143
796.1944444444445 715.0 2.6008275670720282
796.1944444444445 715.0 3.786150792140422
796.1944444444445 715.0 5.1234255425745205
796.1944444444445 715.0 6.666321349599367
796.1944444444445 715.0 8.476760039425491
796.1944444444445 715.0 10.62740087355701
796.1944444444445 715.0 13.204556620079774
796.1944444444445 715.0 16.31165758810932
796.1944444444445 715.0 20.07340264926414
796.1944444444445 715.0 24.64076384123113
796.1944444444445 715.0 30.197045405736844
796.1944444444445 715.0 36.965240431392644
796.1944444444445 715.0 45.21698034932272
796.1944444444445 765.0 0.49994011078027056
796.1944444444445 765.0 1.5198846843952143
796.1944444444445 765.0 2.6008275670720282
796.1944444444445 765.0 3.786150792140422
796.1944444444445 765.0 5.1234255425745205
796.1944444444445 765.0 6.666321349599367
796.1944444444445 765.0 8.476760039425491
796.1944444444445 765.0 10.62740087355701
796.1944444444445 765.0 13.204556620079774
796.1944444444445 765.0 16.31165758810932
796.1944444444445 765.0 20.07340264926414
796.1944444444445 765.0 24.64076384123113
796.1944444444445 765.0 30.197045405736844
796.1944444444445 765.0 36.965240431392644
796.1944444444445 765.0 45.21698034932272
796.1944444444445 815.0 0.49994011078027056
796.1944444444445 815.0 1.5198846843952143
796.1944444444445 815.0 2.6008275670720282
796.1944444444445 815.0 3.786150792140422
796.1944444444445 815.0 5.1234255425745205
796.1944444444445 815.0 6.666321349599367
796.1944444444445 815.0 8.476760039425491
796.1944444444445 815.0 10.62740087355701
796.1944444444445 815.0 13.204556620079774
796.1944444444445 815.0 16.31165758810932
796.1944444444445 815.0 20.07340264926414
796.1944444444445 815.0 24.64076384123113
796.1944444444445 815.0 30.197045405736844
796.1944444444445 815.0 36.965240431392644
796.1944444444445 815.0 45.21698034932272
796.1944444444445 865.0 0.49994011078027056
796.1944444444445 865.0 1.5198846843952143
796.1944444444445 865.0 2.6008275670720282
796.1944444444445 865.0 3.786150792140422
796.1944444444445 865.0 5.1234255425745205
796.1944444444445 865.0 6.666321349599367
796.1944444444445 865.0 8.476760039425491
796.1944444444445 865.0 10.62740087355701
796.1944444444445 865.0 13.204556620079774
796.1944444444445 865.0 16.31165758810932
796.1944444444445 865.0 20.07340264926414
796.1944444444445 865.0 24.64076384123113
796.1944444444445 865.0 30.197045405736844
796.1944444444445 865.0 36.965240431392644
796.1944444444445 865.0 45.21698034932272
796.1944444444445 915.0 0.49994011078027056
796.1944444444445 915.0 1.5198846843952143
796.1944444444445 915.0 2.6008275670720282
796.1944444444445 915.0 3.786150792140422
796.1944444444445 915.0 5.1234255425745205
796.1944444444445 915.0 6.666321349599367
796.1944444444445 915.0 8.476760039425491
796.1944444444445 915.0 10.62740087355701
796.1944444444445 915.0 13.204556620079774
796.1944444444445 915.0 16.31165758810932
796.1944444444445 915.0 20.07340264926414
796.1944444444445 915.0 24.64076384123113
796.1944444444445 915.0 30.197045405736844
796.1944444444445 915.0 36.965240431392644
796.1944444444445 915.0 45.21698034932272
796.1944444444445 965.0 0.49994011078027056
796.1944444444445 965.0 1.5198846843952143
796.1944444444445 965.0 2.6008275670720282
796.1944444444445 965.0 3.786150792140422
796.1944444444445 965.0 5.1234255425745205
796.1944444444445 965.0 6.666321349599367
796.1944444444445 965.0 8.476760039425491
796.1944444444445 965.0 10.62740087355701
796.1944444444445 965.0 13.204556620079774
796.1944444444445 965.0 16.31165758810932
796.1944444444445 965.0 20.07340264926414
796.1944444444445 965.0 24.64076384123113
796.1944444444445 965.0 30.197045405736844
796.1944444444445 965.0 36.965240431392644
796.1944444444445 965.0 45.21698034932272
846.9166666666666 15.0 0.49994011078027056
846.9166666666666 15.0 1.5198846843952143
846.9166666666666 15.0 2.6008275670720282
846.9166666666666 15.0 3.786150792140422
846.9166666666666 15.0 5.1234255425745205
846.9166666666666 15.0 6.666321349599367
846.9166666666666 15.0 8.476760039425491
846.9166666666666 15.0 10.62740087355701
846.9166666666666 15.0 13.204556620079774
846.9166666666666 15.0 16.31165758810932
846.9166666666666 15.0 20.07340264926414
846.9166666666666 15.0 24.64076384123113
846.9166666666666 15.0 30.197045405736844
846.9166666666666 15.0 36.965240431392644
846.9166666666666 15.0 45.21698034932272
846.9166666666666 65.0 0.49994011078027056
846.9166666666666 65.0 1.5198846843952143
846.9166666666666 65.0 2.6008275670720282
846.9166666666666 65.0 3.786150792140422
846.9166666666666 65.0 5.1234255425745205
846.9166666666666 65.0 6.666321349599367
846.9166666666666 65.0 8.476760039425491
846.9166666666666 65.0 10.62740087355701
846.9166666666666 65.0 13.204556620079774
846.9166666666666 65.0 16.31165758810932
846.9166666666666 65.0 20.07340264926414
846.9166666666666 65.0 24.64076384123113
846.9166666666666 65.0 30.197045405736844
846.9166666666666 65.0 36.965240431392644
846.9166666666666 65.0 45.21698034932272
846.9166666666666 115.0 0.49994011078027056
846.9166666666666 115.0 1.5198846843952143
846.9166666666666 115.0 2.6008275670720282
846.9166666666666 115.0 3.786150792140422
846.9166666666666 115.0 5.1234255425745205
846.9166666666666 115.0 6.666321349599367
846.9166666666666 115.0 8.476760039425491
846.9166666666666 115.0 10.62740087355701
846.9166666666666 115.0 13.204556620079774
846.9166666666666 115.0 16.31165758810932
846.9166666666666 115.0 20.07340264926414
846.9166666666666 115.0 24.64076384123113
846.9166666666666 115.0 30.197045405736844
846.9166666666666 115.0 36.965240431392644
846.9166666666666 115.0 45.21698034932272
846.9166666666666 165.0 0.49994011078027056
846.9166666666666 165.0 1.5198846843952143
846.9166666666666 165.0 2.6008275670720282
846.9166666666666 165.0 3.786150792140422
846.9166666666666 165.0 5.1234255425745205
846.9166666666666 165.0 6.666321349599367
846.9166666666666 165.0 8.476760039425491
846.9166666666666 165.0 10.62740087355701
846.9166666666666 165.0 13.204556620079774
846.9166666666666 165.0 16.31165758810932
846.9166666666666 165.0 20.07340264926414
846.9166666666666 165.0 24.64076384123113
846.9166666666666 165.0 30.197045405736844
846.9166666666666 165.0 36.965240431392644
846.9166666666666 165.0 45.21698034932272
846.9166666666666 215.0 0.49994011078027056
846.9166666666666 215.0 1.5198846843952143
846.9166666666666 215.0 2.6008275670720282
846.9166666666666 215.0 3.786150792140422
846.9166666666666 215.0 5.1234255425745205
846.9166666666666 215.0 6.666321349599367
846.9166666666666 215.0 8.476760039425491
846.9166666666666 215.0 10.62740087355701
846.9166666666666 215.0 13.204556620079774
846.9166666666666 215.0 16.31165758810932
846.9166666666666 215.0 20.07340264926414
846.9166666666666 215.0 24.64076384123113
846.9166666666666 215.0 30.197045405736844
846.9166666666666 215.0 36.965240431392644
846.9166666666666 215.0 45.21698034932272
846.9166666666666 265.0 0.49994011078027056
846.9166666666666 265.0 1.5198846843952143
846.9166666666666 265.0 2.6008275670720282
846.9166666666666 265.0 3.786150792140422
846.9166666666666 265.0 5.1234255425745205
846.9166666666666 265.0 6.666321349599367
846.9166666666666 265.0 8.476760039425491
846.9166666666666 265.0 10.62740087355701
846.9166666666666 265.0 13.204556620079774
846.9166666666666 265.0 16.31165758810932
846.9166666666666 265.0 20.07340264926414
846.9166666666666 265.0 24.64076384123113
846.9166666666666 265.0 30.197045405736844
846.9166666666666 265.0 36.965240431392644
846.9166666666666 265.0 45.21698034932272
846.9166666666666 315.0 0.49994011078027056
846.9166666666666 315.0 1.5198846843952143
846.9166666666666 315.0 2.6008275670720282
846.9166666666666 315.0 3.786150792140422
846.9166666666666 315.0 5.1234255425745205
846.9166666666666 315.0 6.666321349599367
846.9166666666666 315.0 8.476760039425491
846.9166666666666 315.0 10.62740087355701
846.9166666666666 315.0 13.204556620079774
846.9166666666666 315.0 16.31165758810932
846.9166666666666 315.0 20.07340264926414
846.9166666666666 315.0 24.64076384123113
846.9166666666666 315.0 30.197045405736844
846.9166666666666 315.0 36.965240431392644
846.9166666666666 315.0 45.21698034932272
846.9166666666666 365.0 0.49994011078027056
846.9166666666666 365.0 1.5198846843952143
846.9166666666666 365.0 2.6008275670720282
846.9166666666666 365.0 3.786150792140422
846.9166666666666 365.0 5.1234255425745205
846.9166666666666 365.0 6.666321349599367
846.9166666666666 365.0 8.476760039425491
846.9166666666666 365.0 10.62740087355701
846.9166666666666 365.0 13.204556620079774
846.9166666666666 365.0 16.31165758810932
846.9166666666666 365.0 20.07340264926414
846.9166666666666 365.0 24.64076384123113
846.9166666666666 365.0 30.197045405736844
846.9166666666666 365.0 36.965240431392644
846.9166666666666 365.0 45.21698034932272
846.9166666666666 415.0 0.49994011078027056
846.9166666666666 415.0 1.5198846843952143
846.9166666666666 415.0 2.6008275670720282
846.9166666666666 415.0 3.786150792140422
846.9166666666666 415.0 5.1234255425745205
846.9166666666666 415.0 6.666321349599367
846.9166666666666 415.0 8.476760039425491
846.9166666666666 415.0 10.62740087355701
846.9166666666666 415.0 13.204556620079774
846.9166666666666 415.0 16.31165758810932
846.9166666666666 415.0 20.07340264926414
846.9166666666666 415.0 24.64076384123113
846.9166666666666 415.0 30.197045405736844
846.9166666666666 415.0 36.965240431392644
846.9166666666666 415.0 45.21698034932272
846.9166666666666 465.0 0.49994011078027056
846.9166666666666 465.0 1.5198846843952143
846.9166666666666 465.0 2.6008275670720282
846.9166666666666 465.0 3.786150792140422
846.9166666666666 465.0 5.1234255425745205
846.9166666666666 465.0 6.666321349599367
846.9166666666666 465.0 8.476760039425491
846.9166666666666 465.0 10.62740087355701
846.9166666666666 465.0 13.204556620079774
846.9166666666666 465.0 16.31165758810932
846.9166666666666 465.0 20.07340264926414
846.9166666666666 465.0 24.64076384123113
846.9166666666666 465.0 30.197045405736844
846.9166666666666 465.0 36.965240431392644
846.9166666666666 465.0 45.21698034932272
846.9166666666666 515.0 0.49994011078027056
846.9166666666666 515.0 1.5198846843952143
846.9166666666666 515.0 2.6008275670720282
846.9166666666666 515.0 3.786150792140422
846.9166666666666 515.0 5.1234255425745205
846.9166666666666 515.0 6.666321349599367
846.9166666666666 515.0 8.476760039425491
846.9166666666666 515.0 10.62740087355701
846.9166666666666 515.0 13.204556620079774
846.9166666666666 515.0 16.31165758810932
846.9166666666666 515.0 20.07340264926414
846.9166666666666 515.0 24.64076384123113
846.9166666666666 515.0 30.197045405736844
846.9166666666666 515.0 36.965240431392644
846.9166666666666 515.0 45.21698034932272
846.9166666666666 565.0 0.49994011078027056
846.9166666666666 565.0 1.5198846843952143
846.9166666666666 565.0 2.6008275670720282
846.9166666666666 565.0 3.786150792140422
846.9166666666666 565.0 5.1234255425745205
846.9166666666666 565.0 6.666321349599367
846.9166666666666 565.0 8.476760039425491
846.9166666666666 565.0 10.62740087355701
846.9166666666666 565.0 13.204556620079774
846.9166666666666 565.0 16.31165758810932
846.9166666666666 565.0 20.07340264926414
846.9166666666666 565.0 24.64076384123113
846.9166666666666 565.0 30.197045405736844
846.9166666666666 565.0 36.965240431392644
846.9166666666666 565.0 45.21698034932272
846.9166666666666 615.0 0.49994011078027056
846.9166666666666 615.0 1.5198846843952143
846.9166666666666 615.0 2.6008275670720282
846.9166666666666 615.0 3.786150792140422
846.9166666666666 615.0 5.1234255425745205
846.9166666666666 615.0 6.666321349599367
846.9166666666666 615.0 8.476760039425491
846.9166666666666 615.0 10.62740087355701
846.9166666666666 615.0 13.204556620079774
846.9166666666666 615.0 16.31165758810932
846.9166666666666 615.0 20.07340264926414
846.9166666666666 615.0 24.64076384123113
846.9166666666666 615.0 30.197045405736844
846.9166666666666 615.0 36.965240431392644
846.9166666666666 615.0 45.21698034932272
846.9166666666666 665.0 0.49994011078027056
846.9166666666666 665.0 1.5198846843952143
846.9166666666666 665.0 2.6008275670720282
846.9166666666666 665.0 3.786150792140422
846.9166666666666 665.0 5.1234255425745205
846.9166666666666 665.0 6.666321349599367
846.9166666666666 665.0 8.476760039425491
846.9166666666666 665.0 10.62740087355701
846.9166666666666 665.0 13.204556620079774
846.9166666666666 665.0 16.31165758810932
846.9166666666666 665.0 20.07340264926414
846.9166666666666 665.0 24.64076384123113
846.9166666666666 665.0 30.197045405736844
846.9166666666666 665.0 36.965240431392644
846.9166666666666 665.0 45.21698034932272
846.9166666666666 715.0 0.49994011078027056
846.9166666666666 715.0 1.5198846843952143
846.9166666666666 715.0 2.6008275670720282
846.9166666666666 715.0 3.786150792140422
846.9166666666666 715.0 5.1234255425745205
846.9166666666666 715.0 6.666321349599367
846.9166666666666 715.0 8.476760039425491
846.9166666666666 715.0 10.62740087355701
846.9166666666666 715.0 13.204556620079774
846.9166666666666 715.0 16.31165758810932
846.9166666666666 715.0 20.07340264926414
846.9166666666666 715.0 24.64076384123113
846.9166666666666 715.0 30.197045405736844
846.9166666666666 715.0 36.965240431392644
846.9166666666666 715.0 45.21698034932272
846.9166666666666 765.0 0.49994011078027056
846.9166666666666 765.0 1.5198846843952143
846.9166666666666 765.0 2.6008275670720282
846.9166666666666 765.0 3.786150792140422
846.9166666666666 765.0 5.1234255425745205
846.9166666666666 765.0 6.666321349599367
846.9166666666666 765.0 8.476760039425491
846.9166666666666 765.0 10.62740087355701
846.9166666666666 765.0 13.204556620079774
846.9166666666666 765.0 16.31165758810932
846.9166666666666 765.0 20.07340264926414
846.9166666666666 765.0 24.64076384123113
846.9166666666666 765.0 30.197045405736844
846.9166666666666 765.0 36.965240431392644
846.9166666666666 765.0 45.21698034932272
846.9166666666666 815.0 0.49994011078027056
846.9166666666666 815.0 1.5198846843952143
846.9166666666666 815.0 2.6008275670720282
846.9166666666666 815.0 3.786150792140422
846.9166666666666 815.0 5.1234255425745205
846.9166666666666 815.0 6.666321349599367
846.9166666666666 815.0 8.476760039425491
846.9166666666666 815.0 10.62740087355701
846.9166666666666 815.0 13.204556620079774
846.9166666666666 815.0 16.31165758810932
846.9166666666666 815.0 20.07340264926414
846.9166666666666 815.0 24.64076384123113
846.9166666666666 815.0 30.197045405736844
846.9166666666666 815.0 36.965240431392644
846.9166666666666 815.0 45.21698034932272
846.9166666666666 865.0 0.49994011078027056
846.9166666666666 865.0 1.5198846843952143
846.9166666666666 865.0 2.6008275670720282
846.9166666666666 865.0 3.786150792140422
846.9166666666666 865.0 5.1234255425745205
846.9166666666666 865.0 6.666321349599367
846.9166666666666 865.0 8.476760039425491
846.9166666666666 865.0 10.62740087355701
846.9166666666666 865.0 13.204556620079774
846.9166666666666 865.0 16.31165758810932
846.9166666666666 865.0 20.07340264926414
846.9166666666666 865.0 24.64076384123113
846.9166666666666 865.0 30.197045405736844
846.9166666666666 865.0 36.965240431392644
846.9166666666666 865.0 45.21698034932272
846.9166666666666 915.0 0.49994011078027056
846.9166666666666 915.0 1.5198846843952143
846.9166666666666 915.0 2.6008275670720282
846.9166666666666 915.0 3.786150792140422
846.9166666666666 915.0 5.1234255425745205
846.9166666666666 915.0 6.666321349599367
846.9166666666666 915.0 8.476760039425491
846.9166666666666 915.0 10.62740087355701
846.9166666666666 915.0 13.204556620079774
846.9166666666666 915.0 16.31165758810932
846.9166666666666 915.0 20.07340264926414
846.9166666666666 915.0 24.64076384123113
846.9166666666666 915.0 30.197045405736844
846.9166666666666 915.0 36.965240431392644
846.9166666666666 915.0 45.21698034932272
846.9166666666666 965.0 0.49994011078027056
846.9166666666666 965.0 1.5198846843952143
846.9166666666666 965.0 2.6008275670720282
846.9166666666666 965.0 3.786150792140422
846.9166666666666 965.0 5.1234255425745205
846.9166666666666 965.0 6.666321349599367
846.9166666666666 965.0 8.476760039425491
846.9166666666666 965.0 10.62740087355701
846.9166666666666 965.0 13.204556620079774
846.9166666666666 965.0 16.31165758810932
846.9166666666666 965.0 20.07340264926414
846.9166666666666 965.0 24.64076384123113
846.9166666666666 965.0 30.197045405736844
846.9166666666666 965.0 36.965240431392644
846.9166666666666 965.0 45.21698034932272
897.6388888888889 15.0 0.49994011078027056
897.6388888888889 15.0 1.5198846843952143
897.6388888888889 15.0 2.6008275670720282
897.6388888888889 15.0 3.786150792140422
897.6388888888889 15.0 5.1234255425745205
897.6388888888889 15.0 6.666321349599367
897.6388888888889 15.0 8.476760039425491
897.6388888888889 15.0 10.62740087355701
897.6388888888889 15.0 13.204556620079774
897.6388888888889 15.0 16.31165758810932
897.6388888888889 15.0 20.07340264926414
897.6388888888889 15.0 24.64076384123113
897.6388888888889 15.0 30.197045405736844
897.6388888888889 15.0 36.965240431392644
897.6388888888889 15.0 45.21698034932272
897.6388888888889 65.0 0.49994011078027056
897.6388888888889 65.0 1.5198846843952143
897.6388888888889 65.0 2.6008275670720282
897.6388888888889 65.0 3.786150792140422
897.6388888888889 65.0 5.1234255425745205
897.6388888888889 65.0 6.666321349599367
897.6388888888889 65.0 8.476760039425491
897.6388888888889 65.0 10.62740087355701
897.6388888888889 65.0 13.204556620079774
897.6388888888889 65.0 16.31165758810932
897.6388888888889 65.0 20.07340264926414
897.6388888888889 65.0 24.64076384123113
897.6388888888889 65.0 30.197045405736844
897.6388888888889 65.0 36.965240431392644
897.6388888888889 65.0 45.21698034932272
897.6388888888889 115.0 0.49994011078027056
897.6388888888889 115.0 1.5198846843952143
897.6388888888889 115.0 2.6008275670720282
897.6388888888889 115.0 3.786150792140422
897.6388888888889 115.0 5.1234255425745205
897.6388888888889 115.0 6.666321349599367
897.6388888888889 115.0 8.476760039425491
897.6388888888889 115.0 10.62740087355701
897.6388888888889 115.0 13.204556620079774
897.6388888888889 115.0 16.31165758810932
897.6388888888889 115.0 20.07340264926414
897.6388888888889 115.0 24.64076384123113
897.6388888888889 115.0 30.197045405736844
897.6388888888889 115.0 36.965240431392644
897.6388888888889 115.0 45.21698034932272
897.6388888888889 165.0 0.49994011078027056
897.6388888888889 165.0 1.5198846843952143
897.6388888888889 165.0 2.6008275670720282
897.6388888888889 165.0 3.786150792140422
897.6388888888889 165.0 5.1234255425745205
897.6388888888889 165.0 6.666321349599367
897.6388888888889 165.0 8.476760039425491
897.6388888888889 165.0 10.62740087355701
897.6388888888889 165.0 13.204556620079774
897.6388888888889 165.0 16.31165758810932
897.6388888888889 165.0 20.07340264926414
897.6388888888889 165.0 24.64076384123113
897.6388888888889 165.0 30.197045405736844
897.6388888888889 165.0 36.965240431392644
897.6388888888889 165.0 45.21698034932272
897.6388888888889 215.0 0.49994011078027056
897.6388888888889 215.0 1.5198846843952143
897.6388888888889 215.0 2.6008275670720282
897.6388888888889 215.0 3.786150792140422
897.6388888888889 215.0 5.1234255425745205
897.6388888888889 215.0 6.666321349599367
897.6388888888889 215.0 8.476760039425491
897.6388888888889 215.0 10.62740087355701
897.6388888888889 215.0 13.204556620079774
897.6388888888889 215.0 16.31165758810932
897.6388888888889 215.0 20.07340264926414
897.6388888888889 215.0 24.64076384123113
897.6388888888889 215.0 30.197045405736844
897.6388888888889 215.0 36.965240431392644
897.6388888888889 215.0 45.21698034932272
897.6388888888889 265.0 0.49994011078027056
897.6388888888889 265.0 1.5198846843952143
897.6388888888889 265.0 2.6008275670720282
897.6388888888889 265.0 3.786150792140422
897.6388888888889 265.0 5.1234255425745205
897.6388888888889 265.0 6.666321349599367
897.6388888888889 265.0 8.476760039425491
897.6388888888889 265.0 10.62740087355701
897.6388888888889 265.0 13.204556620079774
897.6388888888889 265.0 16.31165758810932
897.6388888888889 265.0 20.07340264926414
897.6388888888889 265.0 24.64076384123113
897.6388888888889 265.0 30.197045405736844
897.6388888888889 265.0 36.965240431392644
897.6388888888889 265.0 45.21698034932272
897.6388888888889 315.0 0.49994011078027056
897.6388888888889 315.0 1.5198846843952143
897.6388888888889 315.0 2.6008275670720282
897.6388888888889 315.0 3.786150792140422
897.6388888888889 315.0 5.1234255425745205
897.6388888888889 315.0 6.666321349599367
897.6388888888889 315.0 8.476760039425491
897.6388888888889 315.0 10.62740087355701
897.6388888888889 315.0 13.204556620079774
897.6388888888889 315.0 16.31165758810932
897.6388888888889 315.0 20.07340264926414
897.6388888888889 315.0 24.64076384123113
897.6388888888889 315.0 30.197045405736844
897.6388888888889 315.0 36.965240431392644
897.6388888888889 315.0 45.21698034932272
897.6388888888889 365.0 0.49994011078027056
897.6388888888889 365.0 1.5198846843952143
897.6388888888889 365.0 2.6008275670720282
897.6388888888889 365.0 3.786150792140422
897.6388888888889 365.0 5.1234255425745205
897.6388888888889 365.0 6.666321349599367
897.6388888888889 365.0 8.476760039425491
897.6388888888889 365.0 10.62740087355701
897.6388888888889 365.0 13.204556620079774
897.6388888888889 365.0 16.31165758810932
897.6388888888889 365.0 20.07340264926414
897.6388888888889 365.0 24.64076384123113
897.6388888888889 365.0 30.197045405736844
897.6388888888889 365.0 36.965240431392644
897.6388888888889 365.0 45.21698034932272
897.6388888888889 415.0 0.49994011078027056
897.6388888888889 415.0 1.5198846843952143
897.6388888888889 415.0 2.6008275670720282
897.6388888888889 415.0 3.786150792140422
897.6388888888889 415.0 5.1234255425745205
897.6388888888889 415.0 6.666321349599367
897.6388888888889 415.0 8.476760039425491
897.6388888888889 415.0 10.62740087355701
897.6388888888889 415.0 13.204556620079774
897.6388888888889 415.0 16.31165758810932
897.6388888888889 415.0 20.07340264926414
897.6388888888889 415.0 24.64076384123113
897.6388888888889 415.0 30.197045405736844
897.6388888888889 415.0 36.965240431392644
897.6388888888889 415.0 45.21698034932272
897.6388888888889 465.0 0.49994011078027056
897.6388888888889 465.0 1.5198846843952143
897.6388888888889 465.0 2.6008275670720282
897.6388888888889 465.0 3.786150792140422
897.6388888888889 465.0 5.1234255425745205
897.6388888888889 465.0 6.666321349599367
897.6388888888889 465.0 8.476760039425491
897.6388888888889 465.0 10.62740087355701
897.6388888888889 465.0 13.204556620079774
897.6388888888889 465.0 16.31165758810932
897.6388888888889 465.0 20.07340264926414
897.6388888888889 465.0 24.64076384123113
897.6388888888889 465.0 30.197045405736844
897.6388888888889 465.0 36.965240431392644
897.6388888888889 465.0 45.21698034932272
897.6388888888889 515.0 0.49994011078027056
897.6388888888889 515.0 1.5198846843952143
897.6388888888889 515.0 2.6008275670720282
897.6388888888889 515.0 3.786150792140422
897.6388888888889 515.0 5.1234255425745205
897.6388888888889 515.0 6.666321349599367
897.6388888888889 515.0 8.476760039425491
897.6388888888889 515.0 10.62740087355701
897.6388888888889 515.0 13.204556620079774
897.6388888888889 515.0 16.31165758810932
897.6388888888889 515.0 20.07340264926414
897.6388888888889 515.0 24.64076384123113
897.6388888888889 515.0 30.197045405736844
897.6388888888889 515.0 36.965240431392644
897.6388888888889 515.0 45.21698034932272
897.6388888888889 565.0 0.49994011078027056
897.6388888888889 565.0 1.5198846843952143
897.6388888888889 565.0 2.6008275670720282
897.6388888888889 565.0 3.786150792140422
897.6388888888889 565.0 5.1234255425745205
897.6388888888889 565.0 6.666321349599367
897.6388888888889 565.0 8.476760039425491
897.6388888888889 565.0 10.62740087355701
897.6388888888889 565.0 13.204556620079774
897.6388888888889 565.0 16.31165758810932
897.6388888888889 565.0 20.07340264926414
897.6388888888889 565.0 24.64076384123113
897.6388888888889 565.0 30.197045405736844
897.6388888888889 565.0 36.965240431392644
897.6388888888889 565.0 45.21698034932272
897.6388888888889 615.0 0.49994011078027056
897.6388888888889 615.0 1.5198846843952143
897.6388888888889 615.0 2.6008275670720282
897.6388888888889 615.0 3.786150792140422
897.6388888888889 615.0 5.1234255425745205
897.6388888888889 615.0 6.666321349599367
897.6388888888889 615.0 8.476760039425491
897.6388888888889 615.0 10.62740087355701
897.6388888888889 615.0 13.204556620079774
897.6388888888889 615.0 16.31165758810932
897.6388888888889 615.0 20.07340264926414
897.6388888888889 615.0 24.64076384123113
897.6388888888889 615.0 30.197045405736844
897.6388888888889 615.0 36.965240431392644
897.6388888888889 615.0 45.21698034932272
897.6388888888889 665.0 0.49994011078027056
897.6388888888889 665.0 1.5198846843952143
897.6388888888889 665.0 2.6008275670720282
897.6388888888889 665.0 3.786150792140422
897.6388888888889 665.0 5.1234255425745205
897.6388888888889 665.0 6.666321349599367
897.6388888888889 665.0 8.476760039425491
897.6388888888889 665.0 10.62740087355701
897.6388888888889 665.0 13.204556620079774
897.6388888888889 665.0 16.31165758810932
897.6388888888889 665.0 20.07340264926414
897.6388888888889 665.0 24.64076384123113
897.6388888888889 665.0 30.197045405736844
897.6388888888889 665.0 36.965240431392644
897.6388888888889 665.0 45.21698034932272
897.6388888888889 715.0 0.49994011078027056
897.6388888888889 715.0 1.5198846843952143
897.6388888888889 715.0 2.6008275670720282
897.6388888888889 715.0 3.786150792140422
897.6388888888889 715.0 5.1234255425745205
897.6388888888889 715.0 6.666321349599367
897.6388888888889 715.0 8.476760039425491
897.6388888888889 715.0 10.62740087355701
897.6388888888889 715.0 13.204556620079774
897.6388888888889 715.0 16.31165758810932
897.6388888888889 715.0 20.07340264926414
897.6388888888889 715.0 24.64076384123113
897.6388888888889 715.0 30.197045405736844
897.6388888888889 715.0 36.965240431392644
897.6388888888889 715.0 45.21698034932272
897.6388888888889 765.0 0.49994011078027056
897.6388888888889 765.0 1.5198846843952143
897.6388888888889 765.0 2.6008275670720282
897.6388888888889 765.0 3.786150792140422
897.6388888888889 765.0 5.1234255425745205
897.6388888888889 765.0 6.666321349599367
897.6388888888889 765.0 8.476760039425491
897.6388888888889 765.0 10.62740087355701
897.6388888888889 765.0 13.204556620079774
897.6388888888889 765.0 16.31165758810932
897.6388888888889 765.0 20.07340264926414
897.6388888888889 765.0 24.64076384123113
897.6388888888889 765.0 30.197045405736844
897.6388888888889 765.0 36.965240431392644
897.6388888888889 765.0 45.21698034932272
897.6388888888889 815.0 0.49994011078027056
897.6388888888889 815.0 1.5198846843952143
897.6388888888889 815.0 2.6008275670720282
897.6388888888889 815.0 3.786150792140422
897.6388888888889 815.0 5.1234255425745205
897.6388888888889 815.0 6.666321349599367
897.6388888888889 815.0 8.476760039425491
897.6388888888889 815.0 10.62740087355701
897.6388888888889 815.0 13.204556620079774
897.6388888888889 815.0 16.31165758810932
897.6388888888889 815.0 20.07340264926414
897.6388888888889 815.0 24.64076384123113
897.6388888888889 815.0 30.197045405736844
897.6388888888889 815.0 36.965240431392644
897.6388888888889 815.0 45.21698034932272
897.6388888888889 865.0 0.49994011078027056
897.6388888888889 865.0 1.5198846843952143
897.6388888888889 865.0 2.6008275670720282
897.6388888888889 865.0 3.786150792140422
897.6388888888889 865.0 5.1234255425745205
897.6388888888889 865.0 6.666321349599367
897.6388888888889 865.0 8.476760039425491
897.6388888888889 865.0 10.62740087355701
897.6388888888889 865.0 13.204556620079774
897.6388888888889 865.0 16.31165758810932
897.6388888888889 865.0 20.07340264926414
897.6388888888889 865.0 24.64076384123113
897.6388888888889 865.0 30.197045405736844
897.6388888888889 865.0 36.965240431392644
897.6388888888889 865.0 45.21698034932272
897.6388888888889 915.0 0.49994011078027056
897.6388888888889 915.0 1.5198846843952143
897.6388888888889 915.0 2.6008275670720282
897.6388888888889 915.0 3.786150792140422
897.6388888888889 915.0 5.1234255425745205
897.6388888888889 915.0 6.666321349599367
897.6388888888889 915.0 8.476760039425491
897.6388888888889 915.0 10.62740087355701
897.6388888888889 915.0 13.204556620079774
897.6388888888889 915.0 16.31165758810932
897.6388888888889 915.0 20.07340264926414
897.6388888888889 915.0 24.64076384123113
897.6388888888889 915.0 30.197045405736844
897.6388888888889 915.0 36.965240431392644
897.6388888888889 915.0 45.21698034932272
897.6388888888889 965.0 0.49994011078027056
897.6388888888889 965.0 1.5198846843952143
897.6388888888889 965.0 2.6008275670720282
897.6388888888889 965.0 3.786150792140422
897.6388888888889 965.0 5.1234255425745205
897.6388888888889 965.0 6.666321349599367
897.6388888888889 965.0 8.476760039425491
897.6388888888889 965.0 10.62740087355701
897.6388888888889 965.0 13.204556620079774
897.6388888888889 965.0 16.31165758810932
897.6388888888889 965.0 20.07340264926414
897.6388888888889 965.0 24.64076384123113
897.6388888888889 965.0 30.197045405736844
897.6388888888889 965.0 36.965240431392644
897.6388888888889 965.0 45.21698034932272
