# Nx Ny Nz: 9 10 30
71.61111111111111 45.5 0.9986316718886763
71.61111111111111 45.5 3.005889657089987
71.61111111111111 45.5 5.043231596293858
71.61111111111111 45.5 7.131047892402115
71.61111111111111 45.5 9.290234112645502
71.61111111111111 45.5 11.542400118443762
71.61111111111111 45.5 13.910086344162064
71.61111111111111 45.5 16.416989389354214
71.61111111111111 45.5 19.08819918229571
71.61111111111111 45.5 21.95045008841893
71.61111111111111 45.5 25.032388476828103
71.61111111111111 45.5 28.364859422789696
71.61111111111111 45.5 31.981215415613068
71.61111111111111 45.5 35.9176501615736
71.61111111111111 45.5 40.21356082269026
71.61111111111111 45.5 44.911942316765
71.61111111111111 45.5 50.059817624971004
71.61111111111111 45.5 55.708708413653504
71.61111111111111 45.5 61.915150680483364
71.61111111111111 45.5 68.74126058572429
71.61111111111111 45.5 76.25535613164276
71.61111111111111 45.5 84.53264091203695
71.61111111111111 45.5 93.65595677508067
71.61111111111111 45.5 103.71661293238353
71.61111111111111 45.5 114.81529981227115
71.61111111111111 45.5 127.06309680343489
71.61111111111111 45.5 140.58258397478915
71.61111111111111 45.5 155.50906889800132
71.61111111111111 45.5 171.9919408511478
71.61111111111111 45.5 190.19616595682015
71.61111111111111 156.5 0.9986316718886763
71.61111111111111 156.5 3.005889657089987
71.61111111111111 156.5 5.043231596293858
71.61111111111111 156.5 7.131047892402115
71.61111111111111 156.5 9.290234112645502
71.61111111111111 156.5 11.542400118443762
71.61111111111111 156.5 13.910086344162064
71.61111111111111 156.5 16.416989389354214
71.61111111111111 156.5 19.08819918229571
71.61111111111111 156.5 21.95045008841893
71.61111111111111 156.5 25.032388476828103
71.61111111111111 156.5 28.364859422789696
71.61111111111111 156.5 31.981215415613068
71.61111111111111 156.5 35.9176501615736
71.61111111111111 156.5 40.21356082269026
71.61111111111111 156.5 44.911942316765
71.61111111111111 156.5 50.059817624971004
71.61111111111111 156.5 55.708708413653504
71.61111111111111 156.5 61.915150680483364
71.61111111111111 156.5 68.74126058572429
71.61111111111111 156.5 76.25535613164276
71.61111111111111 156.5 84.53264091203695
71.61111111111111 156.5 93.65595677508067
71.61111111111111 156.5 103.71661293238353
71.61111111111111 156.5 114.81529981227115
71.61111111111111 156.5 127.06309680343489
71.61111111111111 156.5 140.58258397478915
71.61111111111111 156.5 155.50906889800132
71.61111111111111 156.5 171.9919408511478
71.61111111111111 156.5 190.19616595682015
71.61111111111111 267.5 0.9986316718886763
71.61111111111111 267.5 3.005889657089987
71.61111111111111 267.5 5.043231596293858
71.61111111111111 267.5 7.131047892402115
71.61111111111111 267.5 9.290234112645502
71.61111111111111 267.5 11.542400118443762
71.61111111111111 267.5 13.910086344162064
71.61111111111111 267.5 16.416989389354214
71.61111111111111 267.5 19.08819918229571
71.61111111111111 267.5 21.95045008841893
71.61111111111111 267.5 25.032388476828103
71.61111111111111 267.5 28.364859422789696
71.61111111111111 267.5 31.981215415613068
71.61111111111111 267.5 35.9176501615736
71.61111111111111 267.5 40.21356082269026
71.61111111111111 267.5 44.911942316765
71.61111111111111 267.5 50.059817624971004
71.61111111111111 267.5 55.708708413653504
71.61111111111111 267.5 61.915150680483364
71.61111111111111 267.5 68.74126058572429
71.61111111111111 267.5 76.25535613164276
71.61111111111111 267.5 84.53264091203695
71.61111111111111 267.5 93.65595677508067
71.61111111111111 267.5 103.71661293238353
71.61111111111111 267.5 114.81529981227115
71.61111111111111 267.5 127.06309680343489
71.61111111111111 267.5 140.58258397478915
71.61111111111111 267.5 155.50906889800132
71.61111111111111 267.5 171.9919408511478
71.61111111111111 267.5 190.19616595682015
71.61111111111111 378.5 0.9986316718886763
71.61111111111111 378.5 3.005889657089987
71.61111111111111 378.5 5.043231596293858
71.61111111111111 378.5 7.131047892402115
71.61111111111111 378.5 9.290234112645502
71.61111111111111 378.5 11.542400118443762
71.61111111111111 378.5 13.910086344162064
71.61111111111111 378.5 16.416989389354214
71.61111111111111 378.5 19.08819918229571
71.61111111111111 378.5 21.95045008841893
71.61111111111111 378.5 25.032388476828103
71.61111111111111 378.5 28.364859422789696
71.61111111111111 378.5 31.981215415613068
71.61111111111111 378.5 35.9176501615736
71.61111111111111 378.5 40.21356082269026
71.61111111111111 378.5 44.911942316765
71.61111111111111 378.5 50.059817624971004
71.61111111111111 378.5 55.708708413653504
71.61111111111111 378.5 61.915150680483364
71.61111111111111 378.5 68.74126058572429
71.61111111111111 378.5 76.25535613164276
71.61111111111111 378.5 84.53264091203695
71.61111111111111 378.5 93.65595677508067
71.61111111111111 378.5 103.71661293238353
71.61111111111111 378.5 114.81529981227115
71.61111111111111 378.5 127.06309680343489
71.61111111111111 378.5 140.58258397478915
71.61111111111111 378.5 155.50906889800132
71.61111111111111 378.5 171.9919408511478
71.61111111111111 378.5 190.19616595682015
71.61111111111111 489.5 0.9986316718886763
71.61111111111111 489.5 3.005889657089987
71.61111111111111 489.5 5.043231596293858
71.61111111111111 489.5 7.131047892402115
71.61111111111111 489.5 9.290234112645502
71.61111111111111 489.5 11.542400118443762
71.61111111111111 489.5 13.910086344162064
71.61111111111111 489.5 16.416989389354214
71.61111111111111 489.5 19.08819918229571
71.61111111111111 489.5 21.95045008841893
71.61111111111111 489.5 25.032388476828103
71.61111111111111 489.5 28.364859422789696
71.61111111111111 489.5 31.981215415613068
71.61111111111111 489.5 35.9176501615736
71.61111111111111 489.5 40.21356082269026
71.61111111111111 489.5 44.911942316765
71.61111111111111 489.5 50.059817624971004
71.61111111111111 489.5 55.708708413653504
71.61111111111111 489.5 61.915150680483364
71.61111111111111 489.5 68.74126058572429
71.61111111111111 489.5 76.25535613164276
71.61111111111111 489.5 84.53264091203695
71.61111111111111 489.5 93.65595677508067
71.61111111111111 489.5 103.71661293238353
71.61111111111111 489.5 114.81529981227115
71.61111111111111 489.5 127.06309680343489
71.61111111111111 489.5 140.58258397478915
71.61111111111111 489.5 155.50906889800132
71.61111111111111 489.5 171.9919408511478
71.61111111111111 489.5 190.19616595682015
71.61111111111111 600.5 0.9986316718886763
71.61111111111111 600.5 3.005889657089987
71.61111111111111 600.5 5.043231596293858
71.61111111111111 600.5 7.131047892402115
71.61111111111111 600.5 9.290234112645502
71.61111111111111 600.5 11.542400118443762
71.61111111111111 600.5 13.910086344162064
71.61111111111111 600.5 16.416989389354214
71.61111111111111 600.5 19.08819918229571
71.61111111111111 600.5 21.95045008841893
71.61111111111111 600.5 25.032388476828103
71.61111111111111 600.5 28.364859422789696
71.61111111111111 600.5 31.981215415613068
71.61111111111111 600.5 35.9176501615736
71.61111111111111 600.5 40.21356082269026
71.61111111111111 600.5 44.911942316765
71.61111111111111 600.5 50.059817624971004
71.61111111111111 600.5 55.708708413653504
71.61111111111111 600.5 61.915150680483364
71.61111111111111 600.5 68.74126058572429
71.61111111111111 600.5 76.25535613164276
71.61111111111111 600.5 84.53264091203695
71.61111111111111 600.5 93.65595677508067
71.61111111111111 600.5 103.71661293238353
71.61111111111111 600.5 114.81529981227115
71.61111111111111 600.5 127.06309680343489
71.61111111111111 600.5 140.58258397478915
71.61111111111111 600.5 155.50906889800132
71.61111111111111 600.5 171.9919408511478
71.61111111111111 600.5 190.19616595682015
71.61111111111111 711.5 0.9986316718886763
71.61111111111111 711.5 3.005889657089987
71.61111111111111 711.5 5.043231596293858
71.61111111111111 711.5 7.131047892402115
71.61111111111111 711.5 9.290234112645502
71.61111111111111 711.5 11.542400118443762
71.61111111111111 711.5 13.910086344162064
71.61111111111111 711.5 16.416989389354214
71.61111111111111 711.5 19.08819918229571
71.61111111111111 711.5 21.95045008841893
71.61111111111111 711.5 25.032388476828103
71.61111111111111 711.5 28.364859422789696
71.61111111111111 711.5 31.981215415613068
71.61111111111111 711.5 35.9176501615736
71.61111111111111 711.5 40.21356082269026
71.61111111111111 711.5 44.911942316765
71.61111111111111 711.5 50.059817624971004
71.61111111111111 711.5 55.708708413653504
71.61111111111111 711.5 61.915150680483364
71.61111111111111 711.5 68.74126058572429
71.61111111111111 711.5 76.25535613164276
71.61111111111111 711.5 84.53264091203695
71.61111111111111 711.5 93.65595677508067
71.61111111111111 711.5 103.71661293238353
71.61111111111111 711.5 114.81529981227115
71.61111111111111 711.5 127.06309680343489
71.61111111111111 711.5 140.58258397478915
71.61111111111111 711.5 155.50906889800132
71.61111111111111 711.5 171.9919408511478
71.61111111111111 711.5 190.19616595682015
71.61111111111111 822.5 0.9986316718886763
71.61111111111111 822.5 3.005889657089987
71.61111111111111 822.5 5.043231596293858
71.61111111111111 822.5 7.131047892402115
71.61111111111111 822.5 9.290234112645502
71.61111111111111 822.5 11.542400118443762
71.61111111111111 822.5 13.910086344162064
71.61111111111111 822.5 16.416989389354214
71.61111111111111 822.5 19.08819918229571
71.61111111111111 822.5 21.95045008841893
71.61111111111111 822.5 25.032388476828103
71.61111111111111 822.5 28.364859422789696
71.61111111111111 822.5 31.981215415613068
71.61111111111111 822.5 35.9176501615736
71.61111111111111 822.5 40.21356082269026
71.61111111111111 822.5 44.911942316765
71.61111111111111 822.5 50.059817624971004
71.61111111111111 822.5 55.708708413653504
71.61111111111111 822.5 61.915150680483364
71.61111111111111 822.5 68.74126058572429
71.61111111111111 822.5 76.25535613164276
71.61111111111111 822.5 84.53264091203695
71.61111111111111 822.5 93.65595677508067
71.61111111111111 822.5 103.71661293238353
71.61111111111111 822.5 114.81529981227115
71.61111111111111 822.5 127.06309680343489
71.61111111111111 822.5 140.58258397478915
71.61111111111111 822.5 155.50906889800132
71.61111111111111 822.5 171.9919408511478
71.61111111111111 822.5 190.19616595682015
71.61111111111111 933.5 0.9986316718886763
71.61111111111111 933.5 3.005889657089987
71.61111111111111 933.5 5.043231596293858
71.61111111111111 933.5 7.131047892402115
71.61111111111111 933.5 9.290234112645502
71.61111111111111 933.5 11.542400118443762
71.61111111111111 933.5 13.910086344162064
71.61111111111111 933.5 16.416989389354214
71.61111111111111 933.5 19.08819918229571
71.61111111111111 933.5 21.95045008841893
71.61111111111111 933.5 25.032388476828103
71.61111111111111 933.5 28.364859422789696
71.61111111111111 933.5 31.981215415613068
71.61111111111111 933.5 35.9176501615736
71.61111111111111 933.5 40.21356082269026
71.61111111111111 933.5 44.911942316765
71.61111111111111 933.5 50.059817624971004
71.61111111111111 933.5 55.708708413653504
71.61111111111111 933.5 61.915150680483364
71.61111111111111 933.5 68.74126058572429
71.61111111111111 933.5 76.25535613164276
71.61111111111111 933.5 84.53264091203695
71.61111111111111 933.5 93.65595677508067
71.61111111111111 933.5 103.71661293238353
71.61111111111111 933.5 114.81529981227115
71.61111111111111 933.5 127.06309680343489
71.61111111111111 933.5 140.58258397478915
71.61111111111111 933.5 155.50906889800132
71.61111111111111 933.5 171.9919408511478
71.61111111111111 933.5 190.19616595682015
71.61111111111111 1044.5 0.9986316718886763
71.61111111111111 1044.5 3.005889657089987
71.61111111111111 1044.5 5.043231596293858
71.61111111111111 1044.5 7.131047892402115
71.61111111111111 1044.5 9.290234112645502
71.61111111111111 1044.5 11.542400118443762
71.61111111111111 1044.5 13.910086344162064
71.61111111111111 1044.5 16.416989389354214
71.61111111111111 1044.5 19.08819918229571
71.61111111111111 1044.5 21.95045008841893
71.61111111111111 1044.5 25.032388476828103
71.61111111111111 1044.5 28.364859422789696
71.61111111111111 1044.5 31.981215415613068
71.61111111111111 1044.5 35.9176501615736
71.61111111111111 1044.5 40.21356082269026
71.61111111111111 1044.5 44.911942316765
71.61111111111111 1044.5 50.059817624971004
71.61111111111111 1044.5 55.708708413653504
71.61111111111111 1044.5 61.915150680483364
71.61111111111111 1044.5 68.74126058572429
71.61111111111111 1044.5 76.25535613164276
71.61111111111111 1044.5 84.53264091203695
71.61111111111111 1044.5 93.65595677508067
71.61111111111111 1044.5 103.71661293238353
71.61111111111111 1044.5 114.81529981227115
71.61111111111111 1044.5 127.06309680343489
71.61111111111111 1044.5 140.58258397478915
71.61111111111111 1044.5 155.50906889800132
71.61111111111111 1044.5 171.9919408511478
71.61111111111111 1044.5 190.19616595682015
194.83333333333334 45.5 0.9986316718886763
194.83333333333334 45.5 3.005889657089987
194.83333333333334 45.5 5.043231596293858
194.83333333333334 45.5 7.131047892402115
194.83333333333334 45.5 9.290234112645502
194.83333333333334 45.5 11.542400118443762
194.83333333333334 45.5 13.910086344162064
194.83333333333334 45.5 16.416989389354214
194.83333333333334 45.5 19.08819918229571
194.83333333333334 45.5 21.95045008841893
194.83333333333334 45.5 25.032388476828103
194.83333333333334 45.5 28.364859422789696
194.83333333333334 45.5 31.981215415613068
194.83333333333334 45.5 35.9176501615736
194.83333333333334 45.5 40.21356082269026
194.83333333333334 45.5 44.911942316765
194.83333333333334 45.5 50.059817624971004
194.83333333333334 45.5 55.708708413653504
194.83333333333334 45.5 61.915150680483364
194.83333333333334 45.5 68.74126058572429
194.83333333333334 45.5 76.25535613164276
194.83333333333334 45.5 84.53264091203695
194.83333333333334 45.5 93.65595677508067
194.83333333333334 45.5 103.71661293238353
194.83333333333334 45.5 114.81529981227115
194.83333333333334 45.5 127.06309680343489
194.83333333333334 45.5 140.58258397478915
194.83333333333334 45.5 155.50906889800132
194.83333333333334 45.5 171.9919408511478
194.83333333333334 45.5 190.19616595682015
194.83333333333334 156.5 0.9986316718886763
194.83333333333334 156.5 3.005889657089987
194.83333333333334 156.5 5.043231596293858
194.83333333333334 156.5 7.131047892402115
194.83333333333334 156.5 9.290234112645502
194.83333333333334 156.5 11.542400118443762
194.83333333333334 156.5 13.910086344162064
194.83333333333334 156.5 16.416989389354214
194.83333333333334 156.5 19.08819918229571
194.83333333333334 156.5 21.95045008841893
194.83333333333334 156.5 25.032388476828103
194.83333333333334 156.5 28.364859422789696
194.83333333333334 156.5 31.981215415613068
194.83333333333334 156.5 35.9176501615736
194.83333333333334 156.5 40.21356082269026
194.83333333333334 156.5 44.911942316765
194.83333333333334 156.5 50.059817624971004
194.83333333333334 156.5 55.708708413653504
194.83333333333334 156.5 61.915150680483364
194.83333333333334 156.5 68.74126058572429
194.83333333333334 156.5 76.25535613164276
194.83333333333334 156.5 84.53264091203695
194.83333333333334 156.5 93.65595677508067
194.83333333333334 156.5 103.71661293238353
194.83333333333334 156.5 114.81529981227115
194.83333333333334 156.5 127.06309680343489
194.83333333333334 156.5 140.58258397478915
194.83333333333334 156.5 155.50906889800132
194.83333333333334 156.5 171.9919408511478
194.83333333333334 156.5 190.19616595682015
194.83333333333334 267.5 0.9986316718886763
194.83333333333334 267.5 3.005889657089987
194.83333333333334 267.5 5.043231596293858
194.83333333333334 267.5 7.131047892402115
194.83333333333334 267.5 9.290234112645502
194.83333333333334 267.5 11.542400118443762
194.83333333333334 267.5 13.910086344162064
194.83333333333334 267.5 16.416989389354214
194.83333333333334 267.5 19.08819918229571
194.83333333333334 267.5 21.95045008841893
194.83333333333334 267.5 25.032388476828103
194.83333333333334 267.5 28.364859422789696
194.83333333333334 267.5 31.981215415613068
194.83333333333334 267.5 35.9176501615736
194.83333333333334 267.5 40.21356082269026
194.83333333333334 267.5 44.911942316765
194.83333333333334 267.5 50.059817624971004
194.83333333333334 267.5 55.708708413653504
194.83333333333334 267.5 61.915150680483364
194.83333333333334 267.5 68.74126058572429
194.83333333333334 267.5 76.25535613164276
194.83333333333334 267.5 84.53264091203695
194.83333333333334 267.5 93.65595677508067
194.83333333333334 267.5 103.71661293238353
194.83333333333334 267.5 114.81529981227115
194.83333333333334 267.5 127.06309680343489
194.83333333333334 267.5 140.58258397478915
194.83333333333334 267.5 155.50906889800132
194.83333333333334 267.5 171.9919408511478
194.83333333333334 267.5 190.19616595682015
194.83333333333334 378.5 0.9986316718886763
194.83333333333334 378.5 3.005889657089987
194.83333333333334 378.5 5.043231596293858
194.83333333333334 378.5 7.131047892402115
194.83333333333334 378.5 9.290234112645502
194.83333333333334 378.5 11.542400118443762
194.83333333333334 378.5 13.910086344162064
194.83333333333334 378.5 16.416989389354214
194.83333333333334 378.5 19.08819918229571
194.83333333333334 378.5 21.95045008841893
194.83333333333334 378.5 25.032388476828103
194.83333333333334 378.5 28.364859422789696
194.83333333333334 378.5 31.981215415613068
194.83333333333334 378.5 35.9176501615736
194.83333333333334 378.5 40.21356082269026
194.83333333333334 378.5 44.911942316765
194.83333333333334 378.5 50.059817624971004
194.83333333333334 378.5 55.708708413653504
194.83333333333334 378.5 61.915150680483364
194.83333333333334 378.5 68.74126058572429
194.83333333333334 378.5 76.25535613164276
194.83333333333334 378.5 84.53264091203695
194.83333333333334 378.5 93.65595677508067
194.83333333333334 378.5 103.71661293238353
194.83333333333334 378.5 114.81529981227115
194.83333333333334 378.5 127.06309680343489
194.83333333333334 378.5 140.58258397478915
194.83333333333334 378.5 155.50906889800132
194.83333333333334 378.5 171.9919408511478
194.83333333333334 378.5 190.19616595682015
194.83333333333334 489.5 0.9986316718886763
194.83333333333334 489.5 3.005889657089987
194.83333333333334 489.5 5.043231596293858
194.83333333333334 489.5 7.131047892402115
194.83333333333334 489.5 9.290234112645502
194.83333333333334 489.5 11.542400118443762
194.83333333333334 489.5 13.910086344162064
194.83333333333334 489.5 16.416989389354214
194.83333333333334 489.5 19.08819918229571
194.83333333333334 489.5 21.95045008841893
194.83333333333334 489.5 25.032388476828103
194.83333333333334 489.5 28.364859422789696
194.83333333333334 489.5 31.981215415613068
194.83333333333334 489.5 35.9176501615736
194.83333333333334 489.5 40.21356082269026
194.83333333333334 489.5 44.911942316765
194.83333333333334 489.5 50.059817624971004
194.83333333333334 489.5 55.708708413653504
194.83333333333334 489.5 61.915150680483364
194.83333333333334 489.5 68.74126058572429
194.83333333333334 489.5 76.25535613164276
194.83333333333334 489.5 84.53264091203695
194.83333333333334 489.5 93.65595677508067
194.83333333333334 489.5 103.71661293238353
194.83333333333334 489.5 114.81529981227115
194.83333333333334 489.5 127.06309680343489
194.83333333333334 489.5 140.58258397478915
194.83333333333334 489.5 155.50906889800132
194.83333333333334 489.5 171.9919408511478
194.83333333333334 489.5 190.19616595682015
194.83333333333334 600.5 0.9986316718886763
194.83333333333334 600.5 3.005889657089987
194.83333333333334 600.5 5.043231596293858
194.83333333333334 600.5 7.131047892402115
194.83333333333334 600.5 9.290234112645502
194.83333333333334 600.5 11.542400118443762
194.83333333333334 600.5 13.910086344162064
194.83333333333334 600.5 16.416989389354214
194.83333333333334 600.5 19.08819918229571
194.83333333333334 600.5 21.95045008841893
194.83333333333334 600.5 25.032388476828103
194.83333333333334 600.5 28.364859422789696
194.83333333333334 600.5 31.981215415613068
194.83333333333334 600.5 35.9176501615736
194.83333333333334 600.5 40.21356082269026
194.83333333333334 600.5 44.911942316765
194.83333333333334 600.5 50.059817624971004
194.83333333333334 600.5 55.708708413653504
194.83333333333334 600.5 61.915150680483364
194.83333333333334 600.5 68.74126058572429
194.83333333333334 600.5 76.25535613164276
194.83333333333334 600.5 84.53264091203695
194.83333333333334 600.5 93.65595677508067
194.83333333333334 600.5 103.71661293238353
194.83333333333334 600.5 114.81529981227115
194.83333333333334 600.5 127.06309680343489
194.83333333333334 600.5 140.58258397478915
194.83333333333334 600.5 155.50906889800132
194.83333333333334 600.5 171.9919408511478
194.83333333333334 600.5 190.19616595682015
194.83333333333334 711.5 0.9986316718886763
194.83333333333334 711.5 3.005889657089987
194.83333333333334 711.5 5.043231596293858
194.83333333333334 711.5 7.131047892402115
194.83333333333334 711.5 9.290234112645502
194.83333333333334 711.5 11.542400118443762
194.83333333333334 711.5 13.910086344162064
194.83333333333334 711.5 16.416989389354214
194.83333333333334 711.5 19.08819918229571
194.83333333333334 711.5 21.95045008841893
194.83333333333334 711.5 25.032388476828103
194.83333333333334 711.5 28.364859422789696
194.83333333333334 711.5 31.981215415613068
194.83333333333334 711.5 35.9176501615736
194.83333333333334 711.5 40.21356082269026
194.83333333333334 711.5 44.911942316765
194.83333333333334 711.5 50.059817624971004
194.83333333333334 711.5 55.708708413653504
194.83333333333334 711.5 61.915150680483364
194.83333333333334 711.5 68.74126058572429
194.83333333333334 711.5 76.25535613164276
194.83333333333334 711.5 84.53264091203695
194.83333333333334 711.5 93.65595677508067
194.83333333333334 711.5 103.71661293238353
194.83333333333334 711.5 114.81529981227115
194.83333333333334 711.5 127.06309680343489
194.83333333333334 711.5 140.58258397478915
194.83333333333334 711.5 155.50906889800132
194.83333333333334 711.5 171.9919408511478
194.83333333333334 711.5 190.19616595682015
194.83333333333334 822.5 0.9986316718886763
194.83333333333334 822.5 3.005889657089987
194.83333333333334 822.5 5.043231596293858
194.83333333333334 822.5 7.131047892402115
194.83333333333334 822.5 9.290234112645502
194.83333333333334 822.5 11.542400118443762
194.83333333333334 822.5 13.910086344162064
194.83333333333334 822.5 16.416989389354214
194.83333333333334 822.5 19.08819918229571
194.83333333333334 822.5 21.95045008841893
194.83333333333334 822.5 25.032388476828103
194.83333333333334 822.5 28.364859422789696
194.83333333333334 822.5 31.981215415613068
194.83333333333334 822.5 35.9176501615736
194.83333333333334 822.5 40.21356082269026
194.83333333333334 822.5 44.911942316765
194.83333333333334 822.5 50.059817624971004
194.83333333333334 822.5 55.708708413653504
194.83333333333334 822.5 61.915150680483364
194.83333333333334 822.5 68.74126058572429
194.83333333333334 822.5 76.25535613164276
194.83333333333334 822.5 84.53264091203695
194.83333333333334 822.5 93.65595677508067
194.83333333333334 822.5 103.71661293238353
194.83333333333334 822.5 114.81529981227115
194.83333333333334 822.5 127.06309680343489
194.83333333333334 822.5 140.58258397478915
194.83333333333334 822.5 155.50906889800132
194.83333333333334 822.5 171.9919408511478
194.83333333333334 822.5 190.19616595682015
194.83333333333334 933.5 0.9986316718886763
194.83333333333334 933.5 3.005889657089987
194.83333333333334 933.5 5.043231596293858
194.83333333333334 933.5 7.131047892402115
194.83333333333334 933.5 9.290234112645502
194.83333333333334 933.5 11.542400118443762
194.83333333333334 933.5 13.910086344162064
194.83333333333334 933.5 16.416989389354214
194.83333333333334 933.5 19.08819918229571
194.83333333333334 933.5 21.95045008841893
194.83333333333334 933.5 25.032388476828103
194.83333333333334 933.5 28.364859422789696
194.83333333333334 933.5 31.981215415613068
194.83333333333334 933.5 35.9176501615736
194.83333333333334 933.5 40.21356082269026
194.83333333333334 933.5 44.911942316765
194.83333333333334 933.5 50.059817624971004
194.83333333333334 933.5 55.708708413653504
194.83333333333334 933.5 61.915150680483364
194.83333333333334 933.5 68.74126058572429
194.83333333333334 933.5 76.25535613164276
194.83333333333334 933.5 84.53264091203695
194.83333333333334 933.5 93.65595677508067
194.83333333333334 933.5 103.71661293238353
194.83333333333334 933.5 114.81529981227115
194.83333333333334 933.5 127.06309680343489
194.83333333333334 933.5 140.58258397478915
194.83333333333334 933.5 155.50906889800132
194.83333333333334 933.5 171.9919408511478
194.83333333333334 933.5 190.19616595682015
194.83333333333334 1044.5 0.9986316718886763
194.83333333333334 1044.5 3.005889657089987
194.83333333333334 1044.5 5.043231596293858
194.83333333333334 1044.5 7.131047892402115
194.83333333333334 1044.5 9.290234112645502
194.83333333333334 1044.5 11.542400118443762
194.83333333333334 1044.5 13.910086344162064
194.83333333333334 1044.5 16.416989389354214
194.83333333333334 1044.5 19.08819918229571
194.83333333333334 1044.5 21.95045008841893
194.83333333333334 1044.5 25.032388476828103
194.83333333333334 1044.5 28.364859422789696
194.83333333333334 1044.5 31.981215415613068
194.83333333333334 1044.5 35.9176501615736
194.83333333333334 1044.5 40.21356082269026
194.83333333333334 1044.5 44.911942316765
194.83333333333334 1044.5 50.059817624971004
194.83333333333334 1044.5 55.708708413653504
194.83333333333334 1044.5 61.915150680483364
194.83333333333334 1044.5 68.74126058572429
194.83333333333334 1044.5 76.25535613164276
194.83333333333334 1044.5 84.53264091203695
194.83333333333334 1044.5 93.65595677508067
194.83333333333334 1044.5 103.71661293238353
194.83333333333334 1044.5 114.81529981227115
194.83333333333334 1044.5 127.06309680343489
194.83333333333334 1044.5 140.58258397478915
194.83333333333334 1044.5 155.50906889800132
194.83333333333334 1044.5 171.9919408511478
194.83333333333334 1044.5 190.19616595682015
318.05555555555554 45.5 0.9986316718886763
318.05555555555554 45.5 3.005889657089987
318.05555555555554 45.5 5.043231596293858
318.05555555555554 45.5 7.131047892402115
318.05555555555554 45.5 9.290234112645502
318.05555555555554 45.5 11.542400118443762
318.05555555555554 45.5 13.910086344162064
318.05555555555554 45.5 16.416989389354214
318.05555555555554 45.5 19.08819918229571
318.05555555555554 45.5 21.95045008841893
318.05555555555554 45.5 25.032388476828103
318.05555555555554 45.5 28.364859422789696
318.05555555555554 45.5 31.981215415613068
318.05555555555554 45.5 35.9176501615736
318.05555555555554 45.5 40.21356082269026
318.05555555555554 45.5 44.911942316765
318.05555555555554 45.5 50.059817624971004
318.05555555555554 45.5 55.708708413653504
318.05555555555554 45.5 61.915150680483364
318.05555555555554 45.5 68.74126058572429
318.05555555555554 45.5 76.25535613164276
318.05555555555554 45.5 84.53264091203695
318.05555555555554 45.5 93.65595677508067
318.05555555555554 45.5 103.71661293238353
318.05555555555554 45.5 114.81529981227115
318.05555555555554 45.5 127.06309680343489
318.05555555555554 45.5 140.58258397478915
318.05555555555554 45.5 155.50906889800132
318.05555555555554 45.5 171.9919408511478
318.05555555555554 45.5 190.19616595682015
318.05555555555554 156.5 0.9986316718886763
318.05555555555554 156.5 3.005889657089987
318.05555555555554 156.5 5.043231596293858
318.05555555555554 156.5 7.131047892402115
318.05555555555554 156.5 9.290234112645502
318.05555555555554 156.5 11.542400118443762
318.05555555555554 156.5 13.910086344162064
318.05555555555554 156.5 16.416989389354214
318.05555555555554 156.5 19.08819918229571
318.05555555555554 156.5 21.95045008841893
318.05555555555554 156.5 25.032388476828103
318.05555555555554 156.5 28.364859422789696
318.05555555555554 156.5 31.981215415613068
318.05555555555554 156.5 35.9176501615736
318.05555555555554 156.5 40.21356082269026
318.05555555555554 156.5 44.911942316765
318.05555555555554 156.5 50.059817624971004
318.05555555555554 156.5 55.708708413653504
318.05555555555554 156.5 61.915150680483364
318.05555555555554 156.5 68.74126058572429
318.05555555555554 156.5 76.25535613164276
318.05555555555554 156.5 84.53264091203695
318.05555555555554 156.5 93.65595677508067
318.05555555555554 156.5 103.71661293238353
318.05555555555554 156.5 114.81529981227115
318.05555555555554 156.5 127.06309680343489
318.05555555555554 156.5 140.58258397478915
318.05555555555554 156.5 155.50906889800132
318.05555555555554 156.5 171.9919408511478
318.05555555555554 156.5 190.19616595682015
318.05555555555554 267.5 0.9986316718886763
318.05555555555554 267.5 3.005889657089987
318.05555555555554 267.5 5.043231596293858
318.05555555555554 267.5 7.131047892402115
318.05555555555554 267.5 9.290234112645502
318.05555555555554 267.5 11.542400118443762
318.05555555555554 267.5 13.910086344162064
318.05555555555554 267.5 16.416989389354214
318.05555555555554 267.5 19.08819918229571
318.05555555555554 267.5 21.95045008841893
318.05555555555554 267.5 25.032388476828103
318.05555555555554 267.5 28.364859422789696
318.05555555555554 267.5 31.981215415613068
318.05555555555554 267.5 35.9176501615736
318.05555555555554 267.5 40.21356082269026
318.05555555555554 267.5 44.911942316765
318.05555555555554 267.5 50.059817624971004
318.05555555555554 267.5 55.708708413653504
318.05555555555554 267.5 61.915150680483364
318.05555555555554 267.5 68.74126058572429
318.05555555555554 267.5 76.25535613164276
318.05555555555554 267.5 84.53264091203695
318.05555555555554 267.5 93.65595677508067
318.05555555555554 267.5 103.71661293238353
318.05555555555554 267.5 114.81529981227115
318.05555555555554 267.5 127.06309680343489
318.05555555555554 267.5 140.58258397478915
318.05555555555554 267.5 155.50906889800132
318.05555555555554 267.5 171.9919408511478
318.05555555555554 267.5 190.19616595682015
318.05555555555554 378.5 0.9986316718886763
318.05555555555554 378.5 3.005889657089987
318.05555555555554 378.5 5.043231596293858
318.05555555555554 378.5 7.131047892402115
318.05555555555554 378.5 9.290234112645502
318.05555555555554 378.5 11.542400118443762
318.05555555555554 378.5 13.910086344162064
318.05555555555554 378.5 16.416989389354214
318.05555555555554 378.5 19.08819918229571
318.05555555555554 378.5 21.95045008841893
318.05555555555554 378.5 25.032388476828103
318.05555555555554 378.5 28.364859422789696
318.05555555555554 378.5 31.981215415613068
318.05555555555554 378.5 35.9176501615736
318.05555555555554 378.5 40.21356082269026
318.05555555555554 378.5 44.911942316765
318.05555555555554 378.5 50.059817624971004
318.05555555555554 378.5 55.708708413653504
318.05555555555554 378.5 61.915150680483364
318.05555555555554 378.5 68.74126058572429
318.05555555555554 378.5 76.25535613164276
318.05555555555554 378.5 84.53264091203695
318.05555555555554 378.5 93.65595677508067
318.05555555555554 378.5 103.71661293238353
318.05555555555554 378.5 114.81529981227115
318.05555555555554 378.5 127.06309680343489
318.05555555555554 378.5 140.58258397478915
318.05555555555554 378.5 155.50906889800132
318.05555555555554 378.5 171.9919408511478
318.05555555555554 378.5 190.19616595682015
318.05555555555554 489.5 0.9986316718886763
318.05555555555554 489.5 3.005889657089987
318.05555555555554 489.5 5.043231596293858
318.05555555555554 489.5 7.131047892402115
318.05555555555554 489.5 9.290234112645502
318.05555555555554 489.5 11.542400118443762
318.05555555555554 489.5 13.910086344162064
318.05555555555554 489.5 16.416989389354214
318.05555555555554 489.5 19.08819918229571
318.05555555555554 489.5 21.95045008841893
318.05555555555554 489.5 25.032388476828103
318.05555555555554 489.5 28.364859422789696
318.05555555555554 489.5 31.981215415613068
318.05555555555554 489.5 35.9176501615736
318.05555555555554 489.5 40.21356082269026
318.05555555555554 489.5 44.911942316765
318.05555555555554 489.5 50.059817624971004
318.05555555555554 489.5 55.708708413653504
318.05555555555554 489.5 61.915150680483364
318.05555555555554 489.5 68.74126058572429
318.05555555555554 489.5 76.25535613164276
318.05555555555554 489.5 84.53264091203695
318.05555555555554 489.5 93.65595677508067
318.05555555555554 489.5 103.71661293238353
318.05555555555554 489.5 114.81529981227115
318.05555555555554 489.5 127.06309680343489
318.05555555555554 489.5 140.58258397478915
318.05555555555554 489.5 155.50906889800132
318.05555555555554 489.5 171.9919408511478
318.05555555555554 489.5 190.19616595682015
318.05555555555554 600.5 0.9986316718886763
318.05555555555554 600.5 3.005889657089987
318.05555555555554 600.5 5.043231596293858
318.05555555555554 600.5 7.131047892402115
318.05555555555554 600.5 9.290234112645502
318.05555555555554 600.5 11.542400118443762
318.05555555555554 600.5 13.910086344162064
318.05555555555554 600.5 16.416989389354214
318.05555555555554 600.5 19.08819918229571
318.05555555555554 600.5 21.95045008841893
318.05555555555554 600.5 25.032388476828103
318.05555555555554 600.5 28.364859422789696
318.05555555555554 600.5 31.981215415613068
318.05555555555554 600.5 35.9176501615736
318.05555555555554 600.5 40.21356082269026
318.05555555555554 600.5 44.911942316765
318.05555555555554 600.5 50.059817624971004
318.05555555555554 600.5 55.708708413653504
318.05555555555554 600.5 61.915150680483364
318.05555555555554 600.5 68.74126058572429
318.05555555555554 600.5 76.25535613164276
318.05555555555554 600.5 84.53264091203695
318.05555555555554 600.5 93.65595677508067
318.05555555555554 600.5 103.71661293238353
318.05555555555554 600.5 114.81529981227115
318.05555555555554 600.5 127.06309680343489
318.05555555555554 600.5 140.58258397478915
318.05555555555554 600.5 155.50906889800132
318.05555555555554 600.5 171.9919408511478
318.05555555555554 600.5 190.19616595682015
318.05555555555554 711.5 0.9986316718886763
318.05555555555554 711.5 3.005889657089987
318.05555555555554 711.5 5.043231596293858
318.05555555555554 711.5 7.131047892402115
318.05555555555554 711.5 9.290234112645502
318.05555555555554 711.5 11.542400118443762
318.05555555555554 711.5 13.910086344162064
318.05555555555554 711.5 16.416989389354214
318.05555555555554 711.5 19.08819918229571
318.05555555555554 711.5 21.95045008841893
318.05555555555554 711.5 25.032388476828103
318.05555555555554 711.5 28.364859422789696
318.05555555555554 711.5 31.981215415613068
318.05555555555554 711.5 35.9176501615736
318.05555555555554 711.5 40.21356082269026
318.05555555555554 711.5 44.911942316765
318.05555555555554 711.5 50.059817624971004
318.05555555555554 711.5 55.708708413653504
318.05555555555554 711.5 61.915150680483364
318.05555555555554 711.5 68.74126058572429
318.05555555555554 711.5 76.25535613164276
318.05555555555554 711.5 84.53264091203695
318.05555555555554 711.5 93.65595677508067
318.05555555555554 711.5 103.71661293238353
318.05555555555554 711.5 114.81529981227115
318.05555555555554 711.5 127.06309680343489
318.05555555555554 711.5 140.58258397478915
318.05555555555554 711.5 155.50906889800132
318.05555555555554 711.5 171.9919408511478
318.05555555555554 711.5 190.19616595682015
318.05555555555554 822.5 0.9986316718886763
318.05555555555554 822.5 3.005889657089987
318.05555555555554 822.5 5.043231596293858
318.05555555555554 822.5 7.131047892402115
318.05555555555554 822.5 9.290234112645502
318.05555555555554 822.5 11.542400118443762
318.05555555555554 822.5 13.910086344162064
318.05555555555554 822.5 16.416989389354214
318.05555555555554 822.5 19.08819918229571
318.05555555555554 822.5 21.95045008841893
318.05555555555554 822.5 25.032388476828103
318.05555555555554 822.5 28.364859422789696
318.05555555555554 822.5 31.981215415613068
318.05555555555554 822.5 35.9176501615736
318.05555555555554 822.5 40.21356082269026
318.05555555555554 822.5 44.911942316765
318.05555555555554 822.5 50.059817624971004
318.05555555555554 822.5 55.708708413653504
318.05555555555554 822.5 61.915150680483364
318.05555555555554 822.5 68.74126058572429
318.05555555555554 822.5 76.25535613164276
318.05555555555554 822.5 84.53264091203695
318.05555555555554 822.5 93.65595677508067
318.05555555555554 822.5 103.71661293238353
318.05555555555554 822.5 114.81529981227115
318.05555555555554 822.5 127.06309680343489
318.05555555555554 822.5 140.58258397478915
318.05555555555554 822.5 155.50906889800132
318.05555555555554 822.5 171.9919408511478
318.05555555555554 822.5 190.19616595682015
318.05555555555554 933.5 0.9986316718886763
318.05555555555554 933.5 3.005889657089987
318.05555555555554 933.5 5.043231596293858
318.05555555555554 933.5 7.131047892402115
318.05555555555554 933.5 9.290234112645502
318.05555555555554 933.5 11.542400118443762
318.05555555555554 933.5 13.910086344162064
318.05555555555554 933.5 16.416989389354214
318.05555555555554 933.5 19.08819918229571
318.05555555555554 933.5 21.95045008841893
318.05555555555554 933.5 25.032388476828103
318.05555555555554 933.5 28.364859422789696
318.05555555555554 933.5 31.981215415613068
318.05555555555554 933.5 35.9176501615736
318.05555555555554 933.5 40.21356082269026
318.05555555555554 933.5 44.911942316765
318.05555555555554 933.5 50.059817624971004
318.05555555555554 933.5 55.708708413653504
318.05555555555554 933.5 61.915150680483364
318.05555555555554 933.5 68.74126058572429
318.05555555555554 933.5 76.25535613164276
318.05555555555554 933.5 84.53264091203695
318.05555555555554 933.5 93.65595677508067
318.05555555555554 933.5 103.71661293238353
318.05555555555554 933.5 114.81529981227115
318.05555555555554 933.5 127.06309680343489
318.05555555555554 933.5 140.58258397478915
318.05555555555554 933.5 155.50906889800132
318.05555555555554 933.5 171.9919408511478
318.05555555555554 933.5 190.19616595682015
318.05555555555554 1044.5 0.9986316718886763
318.05555555555554 1044.5 3.005889657089987
318.05555555555554 1044.5 5.043231596293858
318.05555555555554 1044.5 7.131047892402115
318.05555555555554 1044.5 9.290234112645502
318.05555555555554 1044.5 11.542400118443762
318.05555555555554 1044.5 13.910086344162064
318.05555555555554 1044.5 16.416989389354214
318.05555555555554 1044.5 19.08819918229571
318.05555555555554 1044.5 21.95045008841893
318.05555555555554 1044.5 25.032388476828103
318.05555555555554 1044.5 28.364859422789696
318.05555555555554 1044.5 31.981215415613068
318.05555555555554 1044.5 35.9176501615736
318.05555555555554 1044.5 40.21356082269026
318.05555555555554 1044.5 44.911942316765
318.05555555555554 1044.5 50.059817624971004
318.05555555555554 1044.5 55.708708413653504
318.05555555555554 1044.5 61.915150680483364
318.05555555555554 1044.5 68.74126058572429
318.05555555555554 1044.5 76.25535613164276
318.05555555555554 1044.5 84.53264091203695
318.05555555555554 1044.5 93.65595677508067
318.05555555555554 1044.5 103.71661293238353
318.05555555555554 1044.5 114.81529981227115
318.05555555555554 1044.5 127.06309680343489
318.05555555555554 1044.5 140.58258397478915
318.05555555555554 1044.5 155.50906889800132
318.05555555555554 1044.5 171.9919408511478
318.05555555555554 1044.5 190.19616595682015
441.2777777777778 45.5 0.9986316718886763
441.2777777777778 45.5 3.005889657089987
441.2777777777778 45.5 5.043231596293858
441.2777777777778 45.5 7.131047892402115
441.2777777777778 45.5 9.290234112645502
441.2777777777778 45.5 11.542400118443762
441.2777777777778 45.5 13.910086344162064
441.2777777777778 45.5 16.416989389354214
441.2777777777778 45.5 19.08819918229571
441.2777777777778 45.5 21.95045008841893
441.2777777777778 45.5 25.032388476828103
441.2777777777778 45.5 28.364859422789696
441.2777777777778 45.5 31.981215415613068
441.2777777777778 45.5 35.9176501615736
441.2777777777778 45.5 40.21356082269026
441.2777777777778 45.5 44.911942316765
441.2777777777778 45.5 50.059817624971004
441.2777777777778 45.5 55.708708413653504
441.2777777777778 45.5 61.915150680483364
441.2777777777778 45.5 68.74126058572429
441.2777777777778 45.5 76.25535613164276
441.2777777777778 45.5 84.53264091203695
441.2777777777778 45.5 93.65595677508067
441.2777777777778 45.5 103.71661293238353
441.2777777777778 45.5 114.81529981227115
441.2777777777778 45.5 127.06309680343489
441.2777777777778 45.5 140.58258397478915
441.2777777777778 45.5 155.50906889800132
441.2777777777778 45.5 171.9919408511478
441.2777777777778 45.5 190.19616595682015
441.2777777777778 156.5 0.9986316718886763
441.2777777777778 156.5 3.005889657089987
441.2777777777778 156.5 5.043231596293858
441.2777777777778 156.5 7.131047892402115
441.2777777777778 156.5 9.290234112645502
441.2777777777778 156.5 11.542400118443762
441.2777777777778 156.5 13.910086344162064
441.2777777777778 156.5 16.416989389354214
441.2777777777778 156.5 19.08819918229571
441.2777777777778 156.5 21.95045008841893
441.2777777777778 156.5 25.032388476828103
441.2777777777778 156.5 28.364859422789696
441.2777777777778 156.5 31.981215415613068
441.2777777777778 156.5 35.9176501615736
441.2777777777778 156.5 40.21356082269026
441.2777777777778 156.5 44.911942316765
441.2777777777778 156.5 50.059817624971004
441.2777777777778 156.5 55.708708413653504
441.2777777777778 156.5 61.915150680483364
441.2777777777778 156.5 68.74126058572429
441.2777777777778 156.5 76.25535613164276
441.2777777777778 156.5 84.53264091203695
441.2777777777778 156.5 93.65595677508067
441.2777777777778 156.5 103.71661293238353
441.2777777777778 156.5 114.81529981227115
441.2777777777778 156.5 127.06309680343489
441.2777777777778 156.5 140.58258397478915
441.2777777777778 156.5 155.50906889800132
441.2777777777778 156.5 171.9919408511478
441.2777777777778 156.5 190.19616595682015
441.2777777777778 267.5 0.9986316718886763
441.2777777777778 267.5 3.005889657089987
441.2777777777778 267.5 5.043231596293858
441.2777777777778 267.5 7.131047892402115
441.2777777777778 267.5 9.290234112645502
441.2777777777778 267.5 11.542400118443762
441.2777777777778 267.5 13.910086344162064
441.2777777777778 267.5 16.416989389354214
441.2777777777778 267.5 19.08819918229571
441.2777777777778 267.5 21.95045008841893
441.2777777777778 267.5 25.032388476828103
441.2777777777778 267.5 28.364859422789696
441.2777777777778 267.5 31.981215415613068
441.2777777777778 267.5 35.9176501615736
441.2777777777778 267.5 40.21356082269026
441.2777777777778 267.5 44.911942316765
441.2777777777778 267.5 50.059817624971004
441.2777777777778 267.5 55.708708413653504
441.2777777777778 267.5 61.915150680483364
441.2777777777778 267.5 68.74126058572429
441.2777777777778 267.5 76.25535613164276
441.2777777777778 267.5 84.53264091203695
441.2777777777778 267.5 93.65595677508067
441.2777777777778 267.5 103.71661293238353
441.2777777777778 267.5 114.81529981227115
441.2777777777778 267.5 127.06309680343489
441.2777777777778 267.5 140.58258397478915
441.2777777777778 267.5 155.50906889800132
441.2777777777778 267.5 171.9919408511478
441.2777777777778 267.5 190.19616595682015
441.2777777777778 378.5 0.9986316718886763
441.2777777777778 378.5 3.005889657089987
441.2777777777778 378.5 5.043231596293858
441.2777777777778 378.5 7.131047892402115
441.2777777777778 378.5 9.290234112645502
441.2777777777778 378.5 11.542400118443762
441.2777777777778 378.5 13.910086344162064
441.2777777777778 378.5 16.416989389354214
441.2777777777778 378.5 19.08819918229571
441.2777777777778 378.5 21.95045008841893
441.2777777777778 378.5 25.032388476828103
441.2777777777778 378.5 28.364859422789696
441.2777777777778 378.5 31.981215415613068
441.2777777777778 378.5 35.9176501615736
441.2777777777778 378.5 40.21356082269026
441.2777777777778 378.5 44.911942316765
441.2777777777778 378.5 50.059817624971004
441.2777777777778 378.5 55.708708413653504
441.2777777777778 378.5 61.915150680483364
441.2777777777778 378.5 68.74126058572429
441.2777777777778 378.5 76.25535613164276
441.2777777777778 378.5 84.53264091203695
441.2777777777778 378.5 93.65595677508067
441.2777777777778 378.5 103.71661293238353
441.2777777777778 378.5 114.81529981227115
441.2777777777778 378.5 127.06309680343489
441.2777777777778 378.5 140.58258397478915
441.2777777777778 378.5 155.50906889800132
441.2777777777778 378.5 171.9919408511478
441.2777777777778 378.5 190.19616595682015
441.2777777777778 489.5 0.9986316718886763
441.2777777777778 489.5 3.005889657089987
441.2777777777778 489.5 5.043231596293858
441.2777777777778 489.5 7.131047892402115
441.2777777777778 489.5 9.290234112645502
441.2777777777778 489.5 11.542400118443762
441.2777777777778 489.5 13.910086344162064
441.2777777777778 489.5 16.416989389354214
441.2777777777778 489.5 19.08819918229571
441.2777777777778 489.5 21.95045008841893
441.2777777777778 489.5 25.032388476828103
441.2777777777778 489.5 28.364859422789696
441.2777777777778 489.5 31.981215415613068
441.2777777777778 489.5 35.9176501615736
441.2777777777778 489.5 40.21356082269026
441.2777777777778 489.5 44.911942316765
441.2777777777778 489.5 50.059817624971004
441.2777777777778 489.5 55.708708413653504
441.2777777777778 489.5 61.915150680483364
441.2777777777778 489.5 68.74126058572429
441.2777777777778 489.5 76.25535613164276
441.2777777777778 489.5 84.53264091203695
441.2777777777778 489.5 93.65595677508067
441.2777777777778 489.5 103.71661293238353
441.2777777777778 489.5 114.81529981227115
441.2777777777778 489.5 127.06309680343489
441.2777777777778 489.5 140.58258397478915
441.2777777777778 489.5 155.50906889800132
441.2777777777778 489.5 171.9919408511478
441.2777777777778 489.5 190.19616595682015
441.2777777777778 600.5 0.9986316718886763
441.2777777777778 600.5 3.005889657089987
441.2777777777778 600.5 5.043231596293858
441.2777777777778 600.5 7.131047892402115
441.2777777777778 600.5 9.290234112645502
441.2777777777778 600.5 11.542400118443762
441.2777777777778 600.5 13.910086344162064
441.2777777777778 600.5 16.416989389354214
441.2777777777778 600.5 19.08819918229571
441.2777777777778 600.5 21.95045008841893
441.2777777777778 600.5 25.032388476828103
441.2777777777778 600.5 28.364859422789696
441.2777777777778 600.5 31.981215415613068
441.2777777777778 600.5 35.9176501615736
441.2777777777778 600.5 40.21356082269026
441.2777777777778 600.5 44.911942316765
441.2777777777778 600.5 50.059817624971004
441.2777777777778 600.5 55.708708413653504
441.2777777777778 600.5 61.915150680483364
441.2777777777778 600.5 68.74126058572429
441.2777777777778 600.5 76.25535613164276
441.2777777777778 600.5 84.53264091203695
441.2777777777778 600.5 93.65595677508067
441.2777777777778 600.5 103.71661293238353
441.2777777777778 600.5 114.81529981227115
441.2777777777778 600.5 127.06309680343489
441.2777777777778 600.5 140.58258397478915
441.2777777777778 600.5 155.50906889800132
441.2777777777778 600.5 171.9919408511478
441.2777777777778 600.5 190.19616595682015
441.2777777777778 711.5 0.9986316718886763
441.2777777777778 711.5 3.005889657089987
441.2777777777778 711.5 5.043231596293858
441.2777777777778 711.5 7.131047892402115
441.2777777777778 711.5 9.290234112645502
441.2777777777778 711.5 11.542400118443762
441.2777777777778 711.5 13.910086344162064
441.2777777777778 711.5 16.416989389354214
441.2777777777778 711.5 19.08819918229571
441.2777777777778 711.5 21.95045008841893
441.2777777777778 711.5 25.032388476828103
441.2777777777778 711.5 28.364859422789696
441.2777777777778 711.5 31.981215415613068
441.2777777777778 711.5 35.9176501615736
441.2777777777778 711.5 40.21356082269026
441.2777777777778 711.5 44.911942316765
441.2777777777778 711.5 50.059817624971004
441.2777777777778 711.5 55.708708413653504
441.2777777777778 711.5 61.915150680483364
441.2777777777778 711.5 68.74126058572429
441.2777777777778 711.5 76.25535613164276
441.2777777777778 711.5 84.53264091203695
441.2777777777778 711.5 93.65595677508067
441.2777777777778 711.5 103.71661293238353
441.2777777777778 711.5 114.81529981227115
441.2777777777778 711.5 127.06309680343489
441.2777777777778 711.5 140.58258397478915
441.2777777777778 711.5 155.50906889800132
441.2777777777778 711.5 171.9919408511478
441.2777777777778 711.5 190.19616595682015
441.2777777777778 822.5 0.9986316718886763
441.2777777777778 822.5 3.005889657089987
441.2777777777778 822.5 5.043231596293858
441.2777777777778 822.5 7.131047892402115
441.2777777777778 822.5 9.290234112645502
441.2777777777778 822.5 11.542400118443762
441.2777777777778 822.5 13.910086344162064
441.2777777777778 822.5 16.416989389354214
441.2777777777778 822.5 19.08819918229571
441.2777777777778 822.5 21.95045008841893
441.2777777777778 822.5 25.032388476828103
441.2777777777778 822.5 28.364859422789696
441.2777777777778 822.5 31.981215415613068
441.2777777777778 822.5 35.9176501615736
441.2777777777778 822.5 40.21356082269026
441.2777777777778 822.5 44.911942316765
441.2777777777778 822.5 50.059817624971004
441.2777777777778 822.5 55.708708413653504
441.2777777777778 822.5 61.915150680483364
441.2777777777778 822.5 68.74126058572429
441.2777777777778 822.5 76.25535613164276
441.2777777777778 822.5 84.53264091203695
441.2777777777778 822.5 93.65595677508067
441.2777777777778 822.5 103.71661293238353
441.2777777777778 822.5 114.81529981227115
441.2777777777778 822.5 127.06309680343489
441.2777777777778 822.5 140.58258397478915
441.2777777777778 822.5 155.50906889800132
441.2777777777778 822.5 171.9919408511478
441.2777777777778 822.5 190.19616595682015
441.2777777777778 933.5 0.9986316718886763
441.2777777777778 933.5 3.005889657089987
441.2777777777778 933.5 5.043231596293858
441.2777777777778 933.5 7.131047892402115
441.2777777777778 933.5 9.290234112645502
441.2777777777778 933.5 11.542400118443762
441.2777777777778 933.5 13.910086344162064
441.2777777777778 933.5 16.416989389354214
441.2777777777778 933.5 19.08819918229571
441.2777777777778 933.5 21.95045008841893
441.2777777777778 933.5 25.032388476828103
441.2777777777778 933.5 28.364859422789696
441.2777777777778 933.5 31.981215415613068
441.2777777777778 933.5 35.9176501615736
441.2777777777778 933.5 40.21356082269026
441.2777777777778 933.5 44.911942316765
441.2777777777778 933.5 50.059817624971004
441.2777777777778 933.5 55.708708413653504
441.2777777777778 933.5 61.915150680483364
441.2777777777778 933.5 68.74126058572429
441.2777777777778 933.5 76.25535613164276
441.2777777777778 933.5 84.53264091203695
441.2777777777778 933.5 93.65595677508067
441.2777777777778 933.5 103.71661293238353
441.2777777777778 933.5 114.81529981227115
441.2777777777778 933.5 127.06309680343489
441.2777777777778 933.5 140.58258397478915
441.2777777777778 933.5 155.50906889800132
441.2777777777778 933.5 171.9919408511478
441.2777777777778 933.5 190.19616595682015
441.2777777777778 1044.5 0.9986316718886763
441.2777777777778 1044.5 3.005889657089987
441.2777777777778 1044.5 5.043231596293858
441.2777777777778 1044.5 7.131047892402115
441.2777777777778 1044.5 9.290234112645502
441.2777777777778 1044.5 11.542400118443762
441.2777777777778 1044.5 13.910086344162064
441.2777777777778 1044.5 16.416989389354214
441.2777777777778 1044.5 19.08819918229571
441.2777777777778 1044.5 21.95045008841893
441.2777777777778 1044.5 25.032388476828103
441.2777777777778 1044.5 28.364859422789696
441.2777777777778 1044.5 31.981215415613068
441.2777777777778 1044.5 35.9176501615736
441.2777777777778 1044.5 40.21356082269026
441.2777777777778 1044.5 44.911942316765
441.2777777777778 1044.5 50.059817624971004
441.2777777777778 1044.5 55.708708413653504
441.2777777777778 1044.5 61.915150680483364
441.2777777777778 1044.5 68.74126058572429
441.2777777777778 1044.5 76.25535613164276
441.2777777777778 1044.5 84.53264091203695
441.2777777777778 1044.5 93.65595677508067
441.2777777777778 1044.5 103.71661293238353
441.2777777777778 1044.5 114.81529981227115
441.2777777777778 1044.5 127.06309680343489
441.2777777777778 1044.5 140.58258397478915
441.2777777777778 1044.5 155.50906889800132
441.2777777777778 1044.5 171.9919408511478
441.2777777777778 1044.5 190.19616595682015
564.5 45.5 0.9986316718886763
564.5 45.5 3.005889657089987
564.5 45.5 5.043231596293858
564.5 45.5 7.131047892402115
564.5 45.5 9.290234112645502
564.5 45.5 11.542400118443762
564.5 45.5 13.910086344162064
564.5 45.5 16.416989389354214
564.5 45.5 19.08819918229571
564.5 45.5 21.95045008841893
564.5 45.5 25.032388476828103
564.5 45.5 28.364859422789696
564.5 45.5 31.981215415613068
564.5 45.5 35.9176501615736
564.5 45.5 40.21356082269026
564.5 45.5 44.911942316765
564.5 45.5 50.059817624971004
564.5 45.5 55.708708413653504
564.5 45.5 61.915150680483364
564.5 45.5 68.74126058572429
564.5 45.5 76.25535613164276
564.5 45.5 84.53264091203695
564.5 45.5 93.65595677508067
564.5 45.5 103.71661293238353
564.5 45.5 114.81529981227115
564.5 45.5 127.06309680343489
564.5 45.5 140.58258397478915
564.5 45.5 155.50906889800132
564.5 45.5 171.9919408511478
564.5 45.5 190.19616595682015
564.5 156.5 0.9986316718886763
564.5 156.5 3.005889657089987
564.5 156.5 5.043231596293858
564.5 156.5 7.131047892402115
564.5 156.5 9.290234112645502
564.5 156.5 11.542400118443762
564.5 156.5 13.910086344162064
564.5 156.5 16.416989389354214
564.5 156.5 19.08819918229571
564.5 156.5 21.95045008841893
564.5 156.5 25.032388476828103
564.5 156.5 28.364859422789696
564.5 156.5 31.981215415613068
564.5 156.5 35.9176501615736
564.5 156.5 40.21356082269026
564.5 156.5 44.911942316765
564.5 156.5 50.059817624971004
564.5 156.5 55.708708413653504
564.5 156.5 61.915150680483364
564.5 156.5 68.74126058572429
564.5 156.5 76.25535613164276
564.5 156.5 84.53264091203695
564.5 156.5 93.65595677508067
564.5 156.5 103.71661293238353
564.5 156.5 114.81529981227115
564.5 156.5 127.06309680343489
564.5 156.5 140.58258397478915
564.5 156.5 155.50906889800132
564.5 156.5 171.9919408511478
564.5 156.5 190.19616595682015
564.5 267.5 0.9986316718886763
564.5 267.5 3.005889657089987
564.5 267.5 5.043231596293858
564.5 267.5 7.131047892402115
564.5 267.5 9.290234112645502
564.5 267.5 11.542400118443762
564.5 267.5 13.910086344162064
564.5 267.5 16.416989389354214
564.5 267.5 19.08819918229571
564.5 267.5 21.95045008841893
564.5 267.5 25.032388476828103
564.5 267.5 28.364859422789696
564.5 267.5 31.981215415613068
564.5 267.5 35.9176501615736
564.5 267.5 40.21356082269026
564.5 267.5 44.911942316765
564.5 267.5 50.059817624971004
564.5 267.5 55.708708413653504
564.5 267.5 61.915150680483364
564.5 267.5 68.74126058572429
564.5 267.5 76.25535613164276
564.5 267.5 84.53264091203695
564.5 267.5 93.65595677508067
564.5 267.5 103.71661293238353
564.5 267.5 114.81529981227115
564.5 267.5 127.06309680343489
564.5 267.5 140.58258397478915
564.5 267.5 155.50906889800132
564.5 267.5 171.9919408511478
564.5 267.5 190.19616595682015
564.5 378.5 0.9986316718886763
564.5 378.5 3.005889657089987
564.5 378.5 5.043231596293858
564.5 378.5 7.131047892402115
564.5 378.5 9.290234112645502
564.5 378.5 11.542400118443762
564.5 378.5 13.910086344162064
564.5 378.5 16.416989389354214
564.5 378.5 19.08819918229571
564.5 378.5 21.95045008841893
564.5 378.5 25.032388476828103
564.5 378.5 28.364859422789696
564.5 378.5 31.981215415613068
564.5 378.5 35.9176501615736
564.5 378.5 40.21356082269026
564.5 378.5 44.911942316765
564.5 378.5 50.059817624971004
564.5 378.5 55.708708413653504
564.5 378.5 61.915150680483364
564.5 378.5 68.74126058572429
564.5 378.5 76.25535613164276
564.5 378.5 84.53264091203695
564.5 378.5 93.65595677508067
564.5 378.5 103.71661293238353
564.5 378.5 114.81529981227115
564.5 378.5 127.06309680343489
564.5 378.5 140.58258397478915
564.5 378.5 155.50906889800132
564.5 378.5 171.9919408511478
564.5 378.5 190.19616595682015
564.5 489.5 0.9986316718886763
564.5 489.5 3.005889657089987
564.5 489.5 5.043231596293858
564.5 489.5 7.131047892402115
564.5 489.5 9.290234112645502
564.5 489.5 11.542400118443762
564.5 489.5 13.910086344162064
564.5 489.5 16.416989389354214
564.5 489.5 19.08819918229571
564.5 489.5 21.95045008841893
564.5 489.5 25.032388476828103
564.5 489.5 28.364859422789696
564.5 489.5 31.981215415613068
564.5 489.5 35.9176501615736
564.5 489.5 40.21356082269026
564.5 489.5 44.911942316765
564.5 489.5 50.059817624971004
564.5 489.5 55.708708413653504
564.5 489.5 61.915150680483364
564.5 489.5 68.74126058572429
564.5 489.5 76.25535613164276
564.5 489.5 84.53264091203695
564.5 489.5 93.65595677508067
564.5 489.5 103.71661293238353
564.5 489.5 114.81529981227115
564.5 489.5 127.06309680343489
564.5 489.5 140.58258397478915
564.5 489.5 155.50906889800132
564.5 489.5 171.9919408511478
564.5 489.5 190.19616595682015
564.5 600.5 0.9986316718886763
564.5 600.5 3.005889657089987
564.5 600.5 5.043231596293858
564.5 600.5 7.131047892402115
564.5 600.5 9.290234112645502
564.5 600.5 11.542400118443762
564.5 600.5 13.910086344162064
564.5 600.5 16.416989389354214
564.5 600.5 19.08819918229571
564.5 600.5 21.95045008841893
564.5 600.5 25.032388476828103
564.5 600.5 28.364859422789696
564.5 600.5 31.981215415613068
564.5 600.5 35.9176501615736
564.5 600.5 40.21356082269026
564.5 600.5 44.911942316765
564.5 600.5 50.059817624971004
564.5 600.5 55.708708413653504
564.5 600.5 61.915150680483364
564.5 600.5 68.74126058572429
564.5 600.5 76.25535613164276
564.5 600.5 84.53264091203695
564.5 600.5 93.65595677508067
564.5 600.5 103.71661293238353
564.5 600.5 114.81529981227115
564.5 600.5 127.06309680343489
564.5 600.5 140.58258397478915
564.5 600.5 155.50906889800132
564.5 600.5 171.9919408511478
564.5 600.5 190.19616595682015
564.5 711.5 0.9986316718886763
564.5 711.5 3.005889657089987
564.5 711.5 5.043231596293858
564.5 711.5 7.131047892402115
564.5 711.5 9.290234112645502
564.5 711.5 11.542400118443762
564.5 711.5 13.910086344162064
564.5 711.5 16.416989389354214
564.5 711.5 19.08819918229571
564.5 711.5 21.95045008841893
564.5 711.5 25.032388476828103
564.5 711.5 28.364859422789696
564.5 711.5 31.981215415613068
564.5 711.5 35.9176501615736
564.5 711.5 40.21356082269026
564.5 711.5 44.911942316765
564.5 711.5 50.059817624971004
564.5 711.5 55.708708413653504
564.5 711.5 61.915150680483364
564.5 711.5 68.74126058572429
564.5 711.5 76.25535613164276
564.5 711.5 84.53264091203695
564.5 711.5 93.65595677508067
564.5 711.5 103.71661293238353
564.5 711.5 114.81529981227115
564.5 711.5 127.06309680343489
564.5 711.5 140.58258397478915
564.5 711.5 155.50906889800132
564.5 711.5 171.9919408511478
564.5 711.5 190.19616595682015
564.5 822.5 0.9986316718886763
564.5 822.5 3.005889657089987
564.5 822.5 5.043231596293858
564.5 822.5 7.131047892402115
564.5 822.5 9.290234112645502
564.5 822.5 11.542400118443762
564.5 822.5 13.910086344162064
564.5 822.5 16.416989389354214
564.5 822.5 19.08819918229571
564.5 822.5 21.95045008841893
564.5 822.5 25.032388476828103
564.5 822.5 28.364859422789696
564.5 822.5 31.981215415613068
564.5 822.5 35.9176501615736
564.5 822.5 40.21356082269026
564.5 822.5 44.911942316765
564.5 822.5 50.059817624971004
564.5 822.5 55.708708413653504
564.5 822.5 61.915150680483364
564.5 822.5 68.74126058572429
564.5 822.5 76.25535613164276
564.5 822.5 84.53264091203695
564.5 822.5 93.65595677508067
564.5 822.5 103.71661293238353
564.5 822.5 114.81529981227115
564.5 822.5 127.06309680343489
564.5 822.5 140.58258397478915
564.5 822.5 155.50906889800132
564.5 822.5 171.9919408511478
564.5 822.5 190.19616595682015
564.5 933.5 0.9986316718886763
564.5 933.5 3.005889657089987
564.5 933.5 5.043231596293858
564.5 933.5 7.131047892402115
564.5 933.5 9.290234112645502
564.5 933.5 11.542400118443762
564.5 933.5 13.910086344162064
564.5 933.5 16.416989389354214
564.5 933.5 19.08819918229571
564.5 933.5 21.95045008841893
564.5 933.5 25.032388476828103
564.5 933.5 28.364859422789696
564.5 933.5 31.981215415613068
564.5 933.5 35.9176501615736
564.5 933.5 40.21356082269026
564.5 933.5 44.911942316765
564.5 933.5 50.059817624971004
564.5 933.5 55.708708413653504
564.5 933.5 61.915150680483364
564.5 933.5 68.74126058572429
564.5 933.5 76.25535613164276
564.5 933.5 84.53264091203695
564.5 933.5 93.65595677508067
564.5 933.5 103.71661293238353
564.5 933.5 114.81529981227115
564.5 933.5 127.06309680343489
564.5 933.5 140.58258397478915
564.5 933.5 155.50906889800132
564.5 933.5 171.9919408511478
564.5 933.5 190.19616595682015
564.5 1044.5 0.9986316718886763
564.5 1044.5 3.005889657089987
564.5 1044.5 5.043231596293858
564.5 1044.5 7.131047892402115
564.5 1044.5 9.290234112645502
564.5 1044.5 11.542400118443762
564.5 1044.5 13.910086344162064
564.5 1044.5 16.416989389354214
564.5 1044.5 19.08819918229571
564.5 1044.5 21.95045008841893
564.5 1044.5 25.032388476828103
564.5 1044.5 28.364859422789696
564.5 1044.5 31.981215415613068
564.5 1044.5 35.9176501615736
564.5 1044.5 40.21356082269026
564.5 1044.5 44.911942316765
564.5 1044.5 50.059817624971004
564.5 1044.5 55.708708413653504
564.5 1044.5 61.915150680483364
564.5 1044.5 68.74126058572429
564.5 1044.5 76.25535613164276
564.5 1044.5 84.53264091203695
564.5 1044.5 93.65595677508067
564.5 1044.5 103.71661293238353
564.5 1044.5 114.81529981227115
564.5 1044.5 127.06309680343489
564.5 1044.5 140.58258397478915
564.5 1044.5 155.50906889800132
564.5 1044.5 171.9919408511478
564.5 1044.5 190.19616595682015
687.7222222222222 45.5 0.9986316718886763
687.7222222222222 45.5 3.005889657089987
687.7222222222222 45.5 5.043231596293858
687.7222222222222 45.5 7.131047892402115
687.7222222222222 45.5 9.290234112645502
687.7222222222222 45.5 11.542400118443762
687.7222222222222 45.5 13.910086344162064
687.7222222222222 45.5 16.416989389354214
687.7222222222222 45.5 19.08819918229571
687.7222222222222 45.5 21.95045008841893
687.7222222222222 45.5 25.032388476828103
687.7222222222222 45.5 28.364859422789696
687.7222222222222 45.5 31.981215415613068
687.7222222222222 45.5 35.9176501615736
687.7222222222222 45.5 40.21356082269026
687.7222222222222 45.5 44.911942316765
687.7222222222222 45.5 50.059817624971004
687.7222222222222 45.5 55.708708413653504
687.7222222222222 45.5 61.915150680483364
687.7222222222222 45.5 68.74126058572429
687.7222222222222 45.5 76.25535613164276
687.7222222222222 45.5 84.53264091203695
687.7222222222222 45.5 93.65595677508067
687.7222222222222 45.5 103.71661293238353
687.7222222222222 45.5 114.81529981227115
687.7222222222222 45.5 127.06309680343489
687.7222222222222 45.5 140.58258397478915
687.7222222222222 45.5 155.50906889800132
687.7222222222222 45.5 171.9919408511478
687.7222222222222 45.5 190.19616595682015
687.7222222222222 156.5 0.9986316718886763
687.7222222222222 156.5 3.005889657089987
687.7222222222222 156.5 5.043231596293858
687.7222222222222 156.5 7.131047892402115
687.7222222222222 156.5 9.290234112645502
687.7222222222222 156.5 11.542400118443762
687.7222222222222 156.5 13.910086344162064
687.7222222222222 156.5 16.416989389354214
687.7222222222222 156.5 19.08819918229571
687.7222222222222 156.5 21.95045008841893
687.7222222222222 156.5 25.032388476828103
687.7222222222222 156.5 28.364859422789696
687.7222222222222 156.5 31.981215415613068
687.7222222222222 156.5 35.9176501615736
687.7222222222222 156.5 40.21356082269026
687.7222222222222 156.5 44.911942316765
687.7222222222222 156.5 50.059817624971004
687.7222222222222 156.5 55.708708413653504
687.7222222222222 156.5 61.915150680483364
687.7222222222222 156.5 68.74126058572429
687.7222222222222 156.5 76.25535613164276
687.7222222222222 156.5 84.53264091203695
687.7222222222222 156.5 93.65595677508067
687.7222222222222 156.5 103.71661293238353
687.7222222222222 156.5 114.81529981227115
687.7222222222222 156.5 127.06309680343489
687.7222222222222 156.5 140.58258397478915
687.7222222222222 156.5 155.50906889800132
687.7222222222222 156.5 171.9919408511478
687.7222222222222 156.5 190.19616595682015
687.7222222222222 267.5 0.9986316718886763
687.7222222222222 267.5 3.005889657089987
687.7222222222222 267.5 5.043231596293858
687.7222222222222 267.5 7.131047892402115
687.7222222222222 267.5 9.290234112645502
687.7222222222222 267.5 11.542400118443762
687.7222222222222 267.5 13.910086344162064
687.7222222222222 267.5 16.416989389354214
687.7222222222222 267.5 19.08819918229571
687.7222222222222 267.5 21.95045008841893
687.7222222222222 267.5 25.032388476828103
687.7222222222222 267.5 28.364859422789696
687.7222222222222 267.5 31.981215415613068
687.7222222222222 267.5 35.9176501615736
687.7222222222222 267.5 40.21356082269026
687.7222222222222 267.5 44.911942316765
687.7222222222222 267.5 50.059817624971004
687.7222222222222 267.5 55.708708413653504
687.7222222222222 267.5 61.915150680483364
687.7222222222222 267.5 68.74126058572429
687.7222222222222 267.5 76.25535613164276
687.7222222222222 267.5 84.53264091203695
687.7222222222222 267.5 93.65595677508067
687.7222222222222 267.5 103.71661293238353
687.7222222222222 267.5 114.81529981227115
687.7222222222222 267.5 127.06309680343489
687.7222222222222 267.5 140.58258397478915
687.7222222222222 267.5 155.50906889800132
687.7222222222222 267.5 171.9919408511478
687.7222222222222 267.5 190.19616595682015
687.7222222222222 378.5 0.9986316718886763
687.7222222222222 378.5 3.005889657089987
687.7222222222222 378.5 5.043231596293858
687.7222222222222 378.5 7.131047892402115
687.7222222222222 378.5 9.290234112645502
687.7222222222222 378.5 11.542400118443762
687.7222222222222 378.5 13.910086344162064
687.7222222222222 378.5 16.416989389354214
687.7222222222222 378.5 19.08819918229571
687.7222222222222 378.5 21.95045008841893
687.7222222222222 378.5 25.032388476828103
687.7222222222222 378.5 28.364859422789696
687.7222222222222 378.5 31.981215415613068
687.7222222222222 378.5 35.9176501615736
687.7222222222222 378.5 40.21356082269026
687.7222222222222 378.5 44.911942316765
687.7222222222222 378.5 50.059817624971004
687.7222222222222 378.5 55.708708413653504
687.7222222222222 378.5 61.915150680483364
687.7222222222222 378.5 68.74126058572429
687.7222222222222 378.5 76.25535613164276
687.7222222222222 378.5 84.53264091203695
687.7222222222222 378.5 93.65595677508067
687.7222222222222 378.5 103.71661293238353
687.7222222222222 378.5 114.81529981227115
687.7222222222222 378.5 127.06309680343489
687.7222222222222 378.5 140.58258397478915
687.7222222222222 378.5 155.50906889800132
687.7222222222222 378.5 171.9919408511478
687.7222222222222 378.5 190.19616595682015
687.7222222222222 489.5 0.9986316718886763
687.7222222222222 489.5 3.005889657089987
687.7222222222222 489.5 5.043231596293858
687.7222222222222 489.5 7.131047892402115
687.7222222222222 489.5 9.290234112645502
687.7222222222222 489.5 11.542400118443762
687.7222222222222 489.5 13.910086344162064
687.7222222222222 489.5 16.416989389354214
687.7222222222222 489.5 19.08819918229571
687.7222222222222 489.5 21.95045008841893
687.7222222222222 489.5 25.032388476828103
687.7222222222222 489.5 28.364859422789696
687.7222222222222 489.5 31.981215415613068
687.7222222222222 489.5 35.9176501615736
687.7222222222222 489.5 40.21356082269026
687.7222222222222 489.5 44.911942316765
687.7222222222222 489.5 50.059817624971004
687.7222222222222 489.5 55.708708413653504
687.7222222222222 489.5 61.915150680483364
687.7222222222222 489.5 68.74126058572429
687.7222222222222 489.5 76.25535613164276
687.7222222222222 489.5 84.53264091203695
687.7222222222222 489.5 93.65595677508067
687.7222222222222 489.5 103.71661293238353
687.7222222222222 489.5 114.81529981227115
687.7222222222222 489.5 127.06309680343489
687.7222222222222 489.5 140.58258397478915
687.7222222222222 489.5 155.50906889800132
687.7222222222222 489.5 171.9919408511478
687.7222222222222 489.5 190.19616595682015
687.7222222222222 600.5 0.9986316718886763
687.7222222222222 600.5 3.005889657089987
687.7222222222222 600.5 5.043231596293858
687.7222222222222 600.5 7.131047892402115
687.7222222222222 600.5 9.290234112645502
687.7222222222222 600.5 11.542400118443762
687.7222222222222 600.5 13.910086344162064
687.7222222222222 600.5 16.416989389354214
687.7222222222222 600.5 19.08819918229571
687.7222222222222 600.5 21.95045008841893
687.7222222222222 600.5 25.032388476828103
687.7222222222222 600.5 28.364859422789696
687.7222222222222 600.5 31.981215415613068
687.7222222222222 600.5 35.9176501615736
687.7222222222222 600.5 40.21356082269026
687.7222222222222 600.5 44.911942316765
687.7222222222222 600.5 50.059817624971004
687.7222222222222 600.5 55.708708413653504
687.7222222222222 600.5 61.915150680483364
687.7222222222222 600.5 68.74126058572429
687.7222222222222 600.5 76.25535613164276
687.7222222222222 600.5 84.53264091203695
687.7222222222222 600.5 93.65595677508067
687.7222222222222 600.5 103.71661293238353
687.7222222222222 600.5 114.81529981227115
687.7222222222222 600.5 127.06309680343489
687.7222222222222 600.5 140.58258397478915
687.7222222222222 600.5 155.50906889800132
687.7222222222222 600.5 171.9919408511478
687.7222222222222 600.5 190.19616595682015
687.7222222222222 711.5 0.9986316718886763
687.7222222222222 711.5 3.005889657089987
687.7222222222222 711.5 5.043231596293858
687.7222222222222 711.5 7.131047892402115
687.7222222222222 711.5 9.290234112645502
687.7222222222222 711.5 11.542400118443762
687.7222222222222 711.5 13.910086344162064
687.7222222222222 711.5 16.416989389354214
687.7222222222222 711.5 19.08819918229571
687.7222222222222 711.5 21.95045008841893
687.7222222222222 711.5 25.032388476828103
687.7222222222222 711.5 28.364859422789696
687.7222222222222 711.5 31.981215415613068
687.7222222222222 711.5 35.9176501615736
687.7222222222222 711.5 40.21356082269026
687.7222222222222 711.5 44.911942316765
687.7222222222222 711.5 50.059817624971004
687.7222222222222 711.5 55.708708413653504
687.7222222222222 711.5 61.915150680483364
687.7222222222222 711.5 68.74126058572429
687.7222222222222 711.5 76.25535613164276
687.7222222222222 711.5 84.53264091203695
687.7222222222222 711.5 93.65595677508067
687.7222222222222 711.5 103.71661293238353
687.7222222222222 711.5 114.81529981227115
687.7222222222222 711.5 127.06309680343489
687.7222222222222 711.5 140.58258397478915
687.7222222222222 711.5 155.50906889800132
687.7222222222222 711.5 171.9919408511478
687.7222222222222 711.5 190.19616595682015
687.7222222222222 822.5 0.9986316718886763
687.7222222222222 822.5 3.005889657089987
687.7222222222222 822.5 5.043231596293858
687.7222222222222 822.5 7.131047892402115
687.7222222222222 822.5 9.290234112645502
687.7222222222222 822.5 11.542400118443762
687.7222222222222 822.5 13.910086344162064
687.7222222222222 822.5 16.416989389354214
687.7222222222222 822.5 19.08819918229571
687.7222222222222 822.5 21.95045008841893
687.7222222222222 822.5 25.032388476828103
687.7222222222222 822.5 28.364859422789696
687.7222222222222 822.5 31.981215415613068
687.7222222222222 822.5 35.9176501615736
687.7222222222222 822.5 40.21356082269026
687.7222222222222 822.5 44.911942316765
687.7222222222222 822.5 50.059817624971004
687.7222222222222 822.5 55.708708413653504
687.7222222222222 822.5 61.915150680483364
687.7222222222222 822.5 68.74126058572429
687.7222222222222 822.5 76.25535613164276
687.7222222222222 822.5 84.53264091203695
687.7222222222222 822.5 93.65595677508067
687.7222222222222 822.5 103.71661293238353
687.7222222222222 822.5 114.81529981227115
687.7222222222222 822.5 127.06309680343489
687.7222222222222 822.5 140.58258397478915
687.7222222222222 822.5 155.50906889800132
687.7222222222222 822.5 171.9919408511478
687.7222222222222 822.5 190.19616595682015
687.7222222222222 933.5 0.9986316718886763
687.7222222222222 933.5 3.005889657089987
687.7222222222222 933.5 5.043231596293858
687.7222222222222 933.5 7.131047892402115
687.7222222222222 933.5 9.290234112645502
687.7222222222222 933.5 11.542400118443762
687.7222222222222 933.5 13.910086344162064
687.7222222222222 933.5 16.416989389354214
687.7222222222222 933.5 19.08819918229571
687.7222222222222 933.5 21.95045008841893
687.7222222222222 933.5 25.032388476828103
687.7222222222222 933.5 28.364859422789696
687.7222222222222 933.5 31.981215415613068
687.7222222222222 933.5 35.9176501615736
687.7222222222222 933.5 40.21356082269026
687.7222222222222 933.5 44.911942316765
687.7222222222222 933.5 50.059817624971004
687.7222222222222 933.5 55.708708413653504
687.7222222222222 933.5 61.915150680483364
687.7222222222222 933.5 68.74126058572429
687.7222222222222 933.5 76.25535613164276
687.7222222222222 933.5 84.53264091203695
687.7222222222222 933.5 93.65595677508067
687.7222222222222 933.5 103.71661293238353
687.7222222222222 933.5 114.81529981227115
687.7222222222222 933.5 127.06309680343489
687.7222222222222 933.5 140.58258397478915
687.7222222222222 933.5 155.50906889800132
687.7222222222222 933.5 171.9919408511478
687.7222222222222 933.5 190.19616595682015
687.7222222222222 1044.5 0.9986316718886763
687.7222222222222 1044.5 3.005889657089987
687.7222222222222 1044.5 5.043231596293858
687.7222222222222 1044.5 7.131047892402115
687.7222222222222 1044.5 9.290234112645502
687.7222222222222 1044.5 11.542400118443762
687.7222222222222 1044.5 13.910086344162064
687.7222222222222 1044.5 16.416989389354214
687.7222222222222 1044.5 19.08819918229571
687.7222222222222 1044.5 21.95045008841893
687.7222222222222 1044.5 25.032388476828103
687.7222222222222 1044.5 28.364859422789696
687.7222222222222 1044.5 31.981215415613068
687.7222222222222 1044.5 35.9176501615736
687.7222222222222 1044.5 40.21356082269026
687.7222222222222 1044.5 44.911942316765
687.7222222222222 1044.5 50.059817624971004
687.7222222222222 1044.5 55.708708413653504
687.7222222222222 1044.5 61.915150680483364
687.7222222222222 1044.5 68.74126058572429
687.7222222222222 1044.5 76.25535613164276
687.7222222222222 1044.5 84.53264091203695
687.7222222222222 1044.5 93.65595677508067
687.7222222222222 1044.5 103.71661293238353
687.7222222222222 1044.5 114.81529981227115
687.7222222222222 1044.5 127.06309680343489
687.7222222222222 1044.5 140.58258397478915
687.7222222222222 1044.5 155.50906889800132
687.7222222222222 1044.5 171.9919408511478
687.7222222222222 1044.5 190.19616595682015
810.9444444444446 45.5 0.9986316718886763
810.9444444444446 45.5 3.005889657089987
810.9444444444446 45.5 5.043231596293858
810.9444444444446 45.5 7.131047892402115
810.9444444444446 45.5 9.290234112645502
810.9444444444446 45.5 11.542400118443762
810.9444444444446 45.5 13.910086344162064
810.9444444444446 45.5 16.416989389354214
810.9444444444446 45.5 19.08819918229571
810.9444444444446 45.5 21.95045008841893
810.9444444444446 45.5 25.032388476828103
810.9444444444446 45.5 28.364859422789696
810.9444444444446 45.5 31.981215415613068
810.9444444444446 45.5 35.9176501615736
810.9444444444446 45.5 40.21356082269026
810.9444444444446 45.5 44.911942316765
810.9444444444446 45.5 50.059817624971004
810.9444444444446 45.5 55.708708413653504
810.9444444444446 45.5 61.915150680483364
810.9444444444446 45.5 68.74126058572429
810.9444444444446 45.5 76.25535613164276
810.9444444444446 45.5 84.53264091203695
810.9444444444446 45.5 93.65595677508067
810.9444444444446 45.5 103.71661293238353
810.9444444444446 45.5 114.81529981227115
810.9444444444446 45.5 127.06309680343489
810.9444444444446 45.5 140.58258397478915
810.9444444444446 45.5 155.50906889800132
810.9444444444446 45.5 171.9919408511478
810.9444444444446 45.5 190.19616595682015
810.9444444444446 156.5 0.9986316718886763
810.9444444444446 156.5 3.005889657089987
810.9444444444446 156.5 5.043231596293858
810.9444444444446 156.5 7.131047892402115
810.9444444444446 156.5 9.290234112645502
810.9444444444446 156.5 11.542400118443762
810.9444444444446 156.5 13.910086344162064
810.9444444444446 156.5 16.416989389354214
810.9444444444446 156.5 19.08819918229571
810.9444444444446 156.5 21.95045008841893
810.9444444444446 156.5 25.032388476828103
810.9444444444446 156.5 28.364859422789696
810.9444444444446 156.5 31.981215415613068
810.9444444444446 156.5 35.9176501615736
810.9444444444446 156.5 40.21356082269026
810.9444444444446 156.5 44.911942316765
810.9444444444446 156.5 50.059817624971004
810.9444444444446 156.5 55.708708413653504
810.9444444444446 156.5 61.915150680483364
810.9444444444446 156.5 68.74126058572429
810.9444444444446 156.5 76.25535613164276
810.9444444444446 156.5 84.53264091203695
810.9444444444446 156.5 93.65595677508067
810.9444444444446 156.5 103.71661293238353
810.9444444444446 156.5 114.81529981227115
810.9444444444446 156.5 127.06309680343489
810.9444444444446 156.5 140.58258397478915
810.9444444444446 156.5 155.50906889800132
810.9444444444446 156.5 171.9919408511478
810.9444444444446 156.5 190.19616595682015
810.9444444444446 267.5 0.9986316718886763
810.9444444444446 267.5 3.005889657089987
810.9444444444446 267.5 5.043231596293858
810.9444444444446 267.5 7.131047892402115
810.9444444444446 267.5 9.290234112645502
810.9444444444446 267.5 11.542400118443762
810.9444444444446 267.5 13.910086344162064
810.9444444444446 267.5 16.416989389354214
810.9444444444446 267.5 19.08819918229571
810.9444444444446 267.5 21.95045008841893
810.9444444444446 267.5 25.032388476828103
810.9444444444446 267.5 28.364859422789696
810.9444444444446 267.5 31.981215415613068
810.9444444444446 267.5 35.9176501615736
810.9444444444446 267.5 40.21356082269026
810.9444444444446 267.5 44.911942316765
810.9444444444446 267.5 50.059817624971004
810.9444444444446 267.5 55.708708413653504
810.9444444444446 267.5 61.915150680483364
810.9444444444446 267.5 68.74126058572429
810.9444444444446 267.5 76.25535613164276
810.9444444444446 267.5 84.53264091203695
810.9444444444446 267.5 93.65595677508067
810.9444444444446 267.5 103.71661293238353
810.9444444444446 267.5 114.81529981227115
810.9444444444446 267.5 127.06309680343489
810.9444444444446 267.5 140.58258397478915
810.9444444444446 267.5 155.50906889800132
810.9444444444446 267.5 171.9919408511478
810.9444444444446 267.5 190.19616595682015
810.9444444444446 378.5 0.9986316718886763
810.9444444444446 378.5 3.005889657089987
810.9444444444446 378.5 5.043231596293858
810.9444444444446 378.5 7.131047892402115
810.9444444444446 378.5 9.290234112645502
810.9444444444446 378.5 11.542400118443762
810.9444444444446 378.5 13.910086344162064
810.9444444444446 378.5 16.416989389354214
810.9444444444446 378.5 19.08819918229571
810.9444444444446 378.5 21.95045008841893
810.9444444444446 378.5 25.032388476828103
810.9444444444446 378.5 28.364859422789696
810.9444444444446 378.5 31.981215415613068
810.9444444444446 378.5 35.9176501615736
810.9444444444446 378.5 40.21356082269026
810.9444444444446 378.5 44.911942316765
810.9444444444446 378.5 50.059817624971004
810.9444444444446 378.5 55.708708413653504
810.9444444444446 378.5 61.915150680483364
810.9444444444446 378.5 68.74126058572429
810.9444444444446 378.5 76.25535613164276
810.9444444444446 378.5 84.53264091203695
810.9444444444446 378.5 93.65595677508067
810.9444444444446 378.5 103.71661293238353
810.9444444444446 378.5 114.81529981227115
810.9444444444446 378.5 127.06309680343489
810.9444444444446 378.5 140.58258397478915
810.9444444444446 378.5 155.50906889800132
810.9444444444446 378.5 171.9919408511478
810.9444444444446 378.5 190.19616595682015
810.9444444444446 489.5 0.9986316718886763
810.9444444444446 489.5 3.005889657089987
810.9444444444446 489.5 5.043231596293858
810.9444444444446 489.5 7.131047892402115
810.9444444444446 489.5 9.290234112645502
810.9444444444446 489.5 11.542400118443762
810.9444444444446 489.5 13.910086344162064
810.9444444444446 489.5 16.416989389354214
810.9444444444446 489.5 19.08819918229571
810.9444444444446 489.5 21.95045008841893
810.9444444444446 489.5 25.032388476828103
810.9444444444446 489.5 28.364859422789696
810.9444444444446 489.5 31.981215415613068
810.9444444444446 489.5 35.9176501615736
810.9444444444446 489.5 40.21356082269026
810.9444444444446 489.5 44.911942316765
810.9444444444446 489.5 50.059817624971004
810.9444444444446 489.5 55.708708413653504
810.9444444444446 489.5 61.915150680483364
810.9444444444446 489.5 68.74126058572429
810.9444444444446 489.5 76.25535613164276
810.9444444444446 489.5 84.53264091203695
810.9444444444446 489.5 93.65595677508067
810.9444444444446 489.5 103.71661293238353
810.9444444444446 489.5 114.81529981227115
810.9444444444446 489.5 127.06309680343489
810.9444444444446 489.5 140.58258397478915
810.9444444444446 489.5 155.50906889800132
810.9444444444446 489.5 171.9919408511478
810.9444444444446 489.5 190.19616595682015
810.9444444444446 600.5 0.9986316718886763
810.9444444444446 600.5 3.005889657089987
810.9444444444446 600.5 5.043231596293858
810.9444444444446 600.5 7.131047892402115
810.9444444444446 600.5 9.290234112645502
810.9444444444446 600.5 11.542400118443762
810.9444444444446 600.5 13.910086344162064
810.9444444444446 600.5 16.416989389354214
810.9444444444446 600.5 19.08819918229571
810.9444444444446 600.5 21.95045008841893
810.9444444444446 600.5 25.032388476828103
810.9444444444446 600.5 28.364859422789696
810.9444444444446 600.5 31.981215415613068
810.9444444444446 600.5 35.9176501615736
810.9444444444446 600.5 40.21356082269026
810.9444444444446 600.5 44.911942316765
810.9444444444446 600.5 50.059817624971004
810.9444444444446 600.5 55.708708413653504
810.9444444444446 600.5 61.915150680483364
810.9444444444446 600.5 68.74126058572429
810.9444444444446 600.5 76.25535613164276
810.9444444444446 600.5 84.53264091203695
810.9444444444446 600.5 93.65595677508067
810.9444444444446 600.5 103.71661293238353
810.9444444444446 600.5 114.81529981227115
810.9444444444446 600.5 127.06309680343489
810.9444444444446 600.5 140.58258397478915
810.9444444444446 600.5 155.50906889800132
810.9444444444446 600.5 171.9919408511478
810.9444444444446 600.5 190.19616595682015
810.9444444444446 711.5 0.9986316718886763
810.9444444444446 711.5 3.005889657089987
810.9444444444446 711.5 5.043231596293858
810.9444444444446 711.5 7.131047892402115
810.9444444444446 711.5 9.290234112645502
810.9444444444446 711.5 11.542400118443762
810.9444444444446 711.5 13.910086344162064
810.9444444444446 711.5 16.416989389354214
810.9444444444446 711.5 19.08819918229571
810.9444444444446 711.5 21.95045008841893
810.9444444444446 711.5 25.032388476828103
810.9444444444446 711.5 28.364859422789696
810.9444444444446 711.5 31.981215415613068
810.9444444444446 711.5 35.9176501615736
810.9444444444446 711.5 40.21356082269026
810.9444444444446 711.5 44.911942316765
810.9444444444446 711.5 50.059817624971004
810.9444444444446 711.5 55.708708413653504
810.9444444444446 711.5 61.915150680483364
810.9444444444446 711.5 68.74126058572429
810.9444444444446 711.5 76.25535613164276
810.9444444444446 711.5 84.53264091203695
810.9444444444446 711.5 93.65595677508067
810.9444444444446 711.5 103.71661293238353
810.9444444444446 711.5 114.81529981227115
810.9444444444446 711.5 127.06309680343489
810.9444444444446 711.5 140.58258397478915
810.9444444444446 711.5 155.50906889800132
810.9444444444446 711.5 171.9919408511478
810.9444444444446 711.5 190.19616595682015
810.9444444444446 822.5 0.9986316718886763
810.9444444444446 822.5 3.005889657089987
810.9444444444446 822.5 5.043231596293858
810.9444444444446 822.5 7.131047892402115
810.9444444444446 822.5 9.290234112645502
810.9444444444446 822.5 11.542400118443762
810.9444444444446 822.5 13.910086344162064
810.9444444444446 822.5 16.416989389354214
810.9444444444446 822.5 19.08819918229571
810.9444444444446 822.5 21.95045008841893
810.9444444444446 822.5 25.032388476828103
810.9444444444446 822.5 28.364859422789696
810.9444444444446 822.5 31.981215415613068
810.9444444444446 822.5 35.9176501615736
810.9444444444446 822.5 40.21356082269026
810.9444444444446 822.5 44.911942316765
810.9444444444446 822.5 50.059817624971004
810.9444444444446 822.5 55.708708413653504
810.9444444444446 822.5 61.915150680483364
810.9444444444446 822.5 68.74126058572429
810.9444444444446 822.5 76.25535613164276
810.9444444444446 822.5 84.53264091203695
810.9444444444446 822.5 93.65595677508067
810.9444444444446 822.5 103.71661293238353
810.9444444444446 822.5 114.81529981227115
810.9444444444446 822.5 127.06309680343489
810.9444444444446 822.5 140.58258397478915
810.9444444444446 822.5 155.50906889800132
810.9444444444446 822.5 171.9919408511478
810.9444444444446 822.5 190.19616595682015
810.9444444444446 933.5 0.9986316718886763
810.9444444444446 933.5 3.005889657089987
810.9444444444446 933.5 5.043231596293858
810.9444444444446 933.5 7.131047892402115
810.9444444444446 933.5 9.290234112645502
810.9444444444446 933.5 11.542400118443762
810.9444444444446 933.5 13.910086344162064
810.9444444444446 933.5 16.416989389354214
810.9444444444446 933.5 19.08819918229571
810.9444444444446 933.5 21.95045008841893
810.9444444444446 933.5 25.032388476828103
810.9444444444446 933.5 28.364859422789696
810.9444444444446 933.5 31.981215415613068
810.9444444444446 933.5 35.9176501615736
810.9444444444446 933.5 40.21356082269026
810.9444444444446 933.5 44.911942316765
810.9444444444446 933.5 50.059817624971004
810.9444444444446 933.5 55.708708413653504
810.9444444444446 933.5 61.915150680483364
810.9444444444446 933.5 68.74126058572429
810.9444444444446 933.5 76.25535613164276
810.9444444444446 933.5 84.53264091203695
810.9444444444446 933.5 93.65595677508067
810.9444444444446 933.5 103.71661293238353
810.9444444444446 933.5 114.81529981227115
810.9444444444446 933.5 127.06309680343489
810.9444444444446 933.5 140.58258397478915
810.9444444444446 933.5 155.50906889800132
810.9444444444446 933.5 171.9919408511478
810.9444444444446 933.5 190.19616595682015
810.9444444444446 1044.5 0.9986316718886763
810.9444444444446 1044.5 3.005889657089987
810.9444444444446 1044.5 5.043231596293858
810.9444444444446 1044.5 7.131047892402115
810.9444444444446 1044.5 9.290234112645502
810.9444444444446 1044.5 11.542400118443762
810.9444444444446 1044.5 13.910086344162064
810.9444444444446 1044.5 16.416989389354214
810.9444444444446 1044.5 19.08819918229571
810.9444444444446 1044.5 21.95045008841893
810.9444444444446 1044.5 25.032388476828103
810.9444444444446 1044.5 28.364859422789696
810.9444444444446 1044.5 31.981215415613068
810.9444444444446 1044.5 35.9176501615736
810.9444444444446 1044.5 40.21356082269026
810.9444444444446 1044.5 44.911942316765
810.9444444444446 1044.5 50.059817624971004
810.9444444444446 1044.5 55.708708413653504
810.9444444444446 1044.5 61.915150680483364
810.9444444444446 1044.5 68.74126058572429
810.9444444444446 1044.5 76.25535613164276
810.9444444444446 1044.5 84.53264091203695
810.9444444444446 1044.5 93.65595677508067
810.9444444444446 1044.5 103.71661293238353
810.9444444444446 1044.5 114.81529981227115
810.9444444444446 1044.5 127.06309680343489
810.9444444444446 1044.5 140.58258397478915
810.9444444444446 1044.5 155.50906889800132
810.9444444444446 1044.5 171.9919408511478
810.9444444444446 1044.5 190.19616595682015
934.1666666666667 45.5 0.9986316718886763
934.1666666666667 45.5 3.005889657089987
934.1666666666667 45.5 5.043231596293858
934.1666666666667 45.5 7.131047892402115
934.1666666666667 45.5 9.290234112645502
934.1666666666667 45.5 11.542400118443762
934.1666666666667 45.5 13.910086344162064
934.1666666666667 45.5 16.416989389354214
934.1666666666667 45.5 19.08819918229571
934.1666666666667 45.5 21.95045008841893
934.1666666666667 45.5 25.032388476828103
934.1666666666667 45.5 28.364859422789696
934.1666666666667 45.5 31.981215415613068
934.1666666666667 45.5 35.9176501615736
934.1666666666667 45.5 40.21356082269026
934.1666666666667 45.5 44.911942316765
934.1666666666667 45.5 50.059817624971004
934.1666666666667 45.5 55.708708413653504
934.1666666666667 45.5 61.915150680483364
934.1666666666667 45.5 68.74126058572429
934.1666666666667 45.5 76.25535613164276
934.1666666666667 45.5 84.53264091203695
934.1666666666667 45.5 93.65595677508067
934.1666666666667 45.5 103.71661293238353
934.1666666666667 45.5 114.81529981227115
934.1666666666667 45.5 127.06309680343489
934.1666666666667 45.5 140.58258397478915
934.1666666666667 45.5 155.50906889800132
934.1666666666667 45.5 171.9919408511478
934.1666666666667 45.5 190.19616595682015
934.1666666666667 156.5 0.9986316718886763
934.1666666666667 156.5 3.005889657089987
934.1666666666667 156.5 5.043231596293858
934.1666666666667 156.5 7.131047892402115
934.1666666666667 156.5 9.290234112645502
934.1666666666667 156.5 11.542400118443762
934.1666666666667 156.5 13.910086344162064
934.1666666666667 156.5 16.416989389354214
934.1666666666667 156.5 19.08819918229571
934.1666666666667 156.5 21.95045008841893
934.1666666666667 156.5 25.032388476828103
934.1666666666667 156.5 28.364859422789696
934.1666666666667 156.5 31.981215415613068
934.1666666666667 156.5 35.9176501615736
934.1666666666667 156.5 40.21356082269026
934.1666666666667 156.5 44.911942316765
934.1666666666667 156.5 50.059817624971004
934.1666666666667 156.5 55.708708413653504
934.1666666666667 156.5 61.915150680483364
934.1666666666667 156.5 68.74126058572429
934.1666666666667 156.5 76.25535613164276
934.1666666666667 156.5 84.53264091203695
934.1666666666667 156.5 93.65595677508067
934.1666666666667 156.5 103.71661293238353
934.1666666666667 156.5 114.81529981227115
934.1666666666667 156.5 127.06309680343489
934.1666666666667 156.5 140.58258397478915
934.1666666666667 156.5 155.50906889800132
934.1666666666667 156.5 171.9919408511478
934.1666666666667 156.5 190.19616595682015
934.1666666666667 267.5 0.9986316718886763
934.1666666666667 267.5 3.005889657089987
934.1666666666667 267.5 5.043231596293858
934.1666666666667 267.5 7.131047892402115
934.1666666666667 267.5 9.290234112645502
934.1666666666667 267.5 11.542400118443762
934.1666666666667 267.5 13.910086344162064
934.1666666666667 267.5 16.416989389354214
934.1666666666667 267.5 19.08819918229571
934.1666666666667 267.5 21.95045008841893
934.1666666666667 267.5 25.032388476828103
934.1666666666667 267.5 28.364859422789696
934.1666666666667 267.5 31.981215415613068
934.1666666666667 267.5 35.9176501615736
934.1666666666667 267.5 40.21356082269026
934.1666666666667 267.5 44.911942316765
934.1666666666667 267.5 50.059817624971004
934.1666666666667 267.5 55.708708413653504
934.1666666666667 267.5 61.915150680483364
934.1666666666667 267.5 68.74126058572429
934.1666666666667 267.5 76.25535613164276
934.1666666666667 267.5 84.53264091203695
934.1666666666667 267.5 93.65595677508067
934.1666666666667 267.5 103.71661293238353
934.1666666666667 267.5 114.81529981227115
934.1666666666667 267.5 127.06309680343489
934.1666666666667 267.5 140.58258397478915
934.1666666666667 267.5 155.50906889800132
934.1666666666667 267.5 171.9919408511478
934.1666666666667 267.5 190.19616595682015
934.1666666666667 378.5 0.9986316718886763
934.1666666666667 378.5 3.005889657089987
934.1666666666667 378.5 5.043231596293858
934.1666666666667 378.5 7.131047892402115
934.1666666666667 378.5 9.290234112645502
934.1666666666667 378.5 11.542400118443762
934.1666666666667 378.5 13.910086344162064
934.1666666666667 378.5 16.416989389354214
934.1666666666667 378.5 19.08819918229571
934.1666666666667 378.5 21.95045008841893
934.1666666666667 378.5 25.032388476828103
934.1666666666667 378.5 28.364859422789696
934.1666666666667 378.5 31.981215415613068
934.1666666666667 378.5 35.9176501615736
934.1666666666667 378.5 40.21356082269026
934.1666666666667 378.5 44.911942316765
934.1666666666667 378.5 50.059817624971004
934.1666666666667 378.5 55.708708413653504
934.1666666666667 378.5 61.915150680483364
934.1666666666667 378.5 68.74126058572429
934.1666666666667 378.5 76.25535613164276
934.1666666666667 378.5 84.53264091203695
934.1666666666667 378.5 93.65595677508067
934.1666666666667 378.5 103.71661293238353
934.1666666666667 378.5 114.81529981227115
934.1666666666667 378.5 127.06309680343489
934.1666666666667 378.5 140.58258397478915
934.1666666666667 378.5 155.50906889800132
934.1666666666667 378.5 171.9919408511478
934.1666666666667 378.5 190.19616595682015
934.1666666666667 489.5 0.9986316718886763
934.1666666666667 489.5 3.005889657089987
934.1666666666667 489.5 5.043231596293858
934.1666666666667 489.5 7.131047892402115
934.1666666666667 489.5 9.290234112645502
934.1666666666667 489.5 11.542400118443762
934.1666666666667 489.5 13.910086344162064
934.1666666666667 489.5 16.416989389354214
934.1666666666667 489.5 19.08819918229571
934.1666666666667 489.5 21.95045008841893
934.1666666666667 489.5 25.032388476828103
934.1666666666667 489.5 28.364859422789696
934.1666666666667 489.5 31.981215415613068
934.1666666666667 489.5 35.9176501615736
934.1666666666667 489.5 40.21356082269026
934.1666666666667 489.5 44.911942316765
934.1666666666667 489.5 50.059817624971004
934.1666666666667 489.5 55.708708413653504
934.1666666666667 489.5 61.915150680483364
934.1666666666667 489.5 68.74126058572429
934.1666666666667 489.5 76.25535613164276
934.1666666666667 489.5 84.53264091203695
934.1666666666667 489.5 93.65595677508067
934.1666666666667 489.5 103.71661293238353
934.1666666666667 489.5 114.81529981227115
934.1666666666667 489.5 127.06309680343489
934.1666666666667 489.5 140.58258397478915
934.1666666666667 489.5 155.50906889800132
934.1666666666667 489.5 171.9919408511478
934.1666666666667 489.5 190.19616595682015
934.1666666666667 600.5 0.9986316718886763
934.1666666666667 600.5 3.005889657089987
934.1666666666667 600.5 5.043231596293858
934.1666666666667 600.5 7.131047892402115
934.1666666666667 600.5 9.290234112645502
934.1666666666667 600.5 11.542400118443762
934.1666666666667 600.5 13.910086344162064
934.1666666666667 600.5 16.416989389354214
934.1666666666667 600.5 19.08819918229571
934.1666666666667 600.5 21.95045008841893
934.1666666666667 600.5 25.032388476828103
934.1666666666667 600.5 28.364859422789696
934.1666666666667 600.5 31.981215415613068
934.1666666666667 600.5 35.9176501615736
934.1666666666667 600.5 40.21356082269026
934.1666666666667 600.5 44.911942316765
934.1666666666667 600.5 50.059817624971004
934.1666666666667 600.5 55.708708413653504
934.1666666666667 600.5 61.915150680483364
934.1666666666667 600.5 68.74126058572429
934.1666666666667 600.5 76.25535613164276
934.1666666666667 600.5 84.53264091203695
934.1666666666667 600.5 93.65595677508067
934.1666666666667 600.5 103.71661293238353
934.1666666666667 600.5 114.81529981227115
934.1666666666667 600.5 127.06309680343489
934.1666666666667 600.5 140.58258397478915
934.1666666666667 600.5 155.50906889800132
934.1666666666667 600.5 171.9919408511478
934.1666666666667 600.5 190.19616595682015
934.1666666666667 711.5 0.9986316718886763
934.1666666666667 711.5 3.005889657089987
934.1666666666667 711.5 5.043231596293858
934.1666666666667 711.5 7.131047892402115
934.1666666666667 711.5 9.290234112645502
934.1666666666667 711.5 11.542400118443762
934.1666666666667 711.5 13.910086344162064
934.1666666666667 711.5 16.416989389354214
934.1666666666667 711.5 19.08819918229571
934.1666666666667 711.5 21.95045008841893
934.1666666666667 711.5 25.032388476828103
934.1666666666667 711.5 28.364859422789696
934.1666666666667 711.5 31.981215415613068
934.1666666666667 711.5 35.9176501615736
934.1666666666667 711.5 40.21356082269026
934.1666666666667 711.5 44.911942316765
934.1666666666667 711.5 50.059817624971004
934.1666666666667 711.5 55.708708413653504
934.1666666666667 711.5 61.915150680483364
934.1666666666667 711.5 68.74126058572429
934.1666666666667 711.5 76.25535613164276
934.1666666666667 711.5 84.53264091203695
934.1666666666667 711.5 93.65595677508067
934.1666666666667 711.5 103.71661293238353
934.1666666666667 711.5 114.81529981227115
934.1666666666667 711.5 127.06309680343489
934.1666666666667 711.5 140.58258397478915
934.1666666666667 711.5 155.50906889800132
934.1666666666667 711.5 171.9919408511478
934.1666666666667 711.5 190.19616595682015
934.1666666666667 822.5 0.9986316718886763
934.1666666666667 822.5 3.005889657089987
934.1666666666667 822.5 5.043231596293858
934.1666666666667 822.5 7.131047892402115
934.1666666666667 822.5 9.290234112645502
934.1666666666667 822.5 11.542400118443762
934.1666666666667 822.5 13.910086344162064
934.1666666666667 822.5 16.416989389354214
934.1666666666667 822.5 19.08819918229571
934.1666666666667 822.5 21.95045008841893
934.1666666666667 822.5 25.032388476828103
934.1666666666667 822.5 28.364859422789696
934.1666666666667 822.5 31.981215415613068
934.1666666666667 822.5 35.9176501615736
934.1666666666667 822.5 40.21356082269026
934.1666666666667 822.5 44.911942316765
934.1666666666667 822.5 50.059817624971004
934.1666666666667 822.5 55.708708413653504
934.1666666666667 822.5 61.915150680483364
934.1666666666667 822.5 68.74126058572429
934.1666666666667 822.5 76.25535613164276
934.1666666666667 822.5 84.53264091203695
934.1666666666667 822.5 93.65595677508067
934.1666666666667 822.5 103.71661293238353
934.1666666666667 822.5 114.81529981227115
934.1666666666667 822.5 127.06309680343489
934.1666666666667 822.5 140.58258397478915
934.1666666666667 822.5 155.50906889800132
934.1666666666667 822.5 171.9919408511478
934.1666666666667 822.5 190.19616595682015
934.1666666666667 933.5 0.9986316718886763
934.1666666666667 933.5 3.005889657089987
934.1666666666667 933.5 5.043231596293858
934.1666666666667 933.5 7.131047892402115
934.1666666666667 933.5 9.290234112645502
934.1666666666667 933.5 11.542400118443762
934.1666666666667 933.5 13.910086344162064
934.1666666666667 933.5 16.416989389354214
934.1666666666667 933.5 19.08819918229571
934.1666666666667 933.5 21.95045008841893
934.1666666666667 933.5 25.032388476828103
934.1666666666667 933.5 28.364859422789696
934.1666666666667 933.5 31.981215415613068
934.1666666666667 933.5 35.9176501615736
934.1666666666667 933.5 40.21356082269026
934.1666666666667 933.5 44.911942316765
934.1666666666667 933.5 50.059817624971004
934.1666666666667 933.5 55.708708413653504
934.1666666666667 933.5 61.915150680483364
934.1666666666667 933.5 68.74126058572429
934.1666666666667 933.5 76.25535613164276
934.1666666666667 933.5 84.53264091203695
934.1666666666667 933.5 93.65595677508067
934.1666666666667 933.5 103.71661293238353
934.1666666666667 933.5 114.81529981227115
934.1666666666667 933.5 127.06309680343489
934.1666666666667 933.5 140.58258397478915
934.1666666666667 933.5 155.50906889800132
934.1666666666667 933.5 171.9919408511478
934.1666666666667 933.5 190.19616595682015
934.1666666666667 1044.5 0.9986316718886763
934.1666666666667 1044.5 3.005889657089987
934.1666666666667 1044.5 5.043231596293858
934.1666666666667 1044.5 7.131047892402115
934.1666666666667 1044.5 9.290234112645502
934.1666666666667 1044.5 11.542400118443762
934.1666666666667 1044.5 13.910086344162064
934.1666666666667 1044.5 16.416989389354214
934.1666666666667 1044.5 19.08819918229571
934.1666666666667 1044.5 21.95045008841893
934.1666666666667 1044.5 25.032388476828103
934.1666666666667 1044.5 28.364859422789696
934.1666666666667 1044.5 31.981215415613068
934.1666666666667 1044.5 35.9176501615736
934.1666666666667 1044.5 40.21356082269026
934.1666666666667 1044.5 44.911942316765
934.1666666666667 1044.5 50.059817624971004
934.1666666666667 1044.5 55.708708413653504
934.1666666666667 1044.5 61.915150680483364
934.1666666666667 1044.5 68.74126058572429
934.1666666666667 1044.5 76.25535613164276
934.1666666666667 1044.5 84.53264091203695
934.1666666666667 1044.5 93.65595677508067
934.1666666666667 1044.5 103.71661293238353
934.1666666666667 1044.5 114.81529981227115
934.1666666666667 1044.5 127.06309680343489
934.1666666666667 1044.5 140.58258397478915
934.1666666666667 1044.5 155.50906889800132
934.1666666666667 1044.5 171.9919408511478
934.1666666666667 1044.5 190.19616595682015
1057.388888888889 45.5 0.9986316718886763
1057.388888888889 45.5 3.005889657089987
1057.388888888889 45.5 5.043231596293858
1057.388888888889 45.5 7.131047892402115
1057.388888888889 45.5 9.290234112645502
1057.388888888889 45.5 11.542400118443762
1057.388888888889 45.5 13.910086344162064
1057.388888888889 45.5 16.416989389354214
1057.388888888889 45.5 19.08819918229571
1057.388888888889 45.5 21.95045008841893
1057.388888888889 45.5 25.032388476828103
1057.388888888889 45.5 28.364859422789696
1057.388888888889 45.5 31.981215415613068
1057.388888888889 45.5 35.9176501615736
1057.388888888889 45.5 40.21356082269026
1057.388888888889 45.5 44.911942316765
1057.388888888889 45.5 50.059817624971004
1057.388888888889 45.5 55.708708413653504
1057.388888888889 45.5 61.915150680483364
1057.388888888889 45.5 68.74126058572429
1057.388888888889 45.5 76.25535613164276
1057.388888888889 45.5 84.53264091203695
1057.388888888889 45.5 93.65595677508067
1057.388888888889 45.5 103.71661293238353
1057.388888888889 45.5 114.81529981227115
1057.388888888889 45.5 127.06309680343489
1057.388888888889 45.5 140.58258397478915
1057.388888888889 45.5 155.50906889800132
1057.388888888889 45.5 171.9919408511478
1057.388888888889 45.5 190.19616595682015
1057.388888888889 156.5 0.9986316718886763
1057.388888888889 156.5 3.005889657089987
1057.388888888889 156.5 5.043231596293858
1057.388888888889 156.5 7.131047892402115
1057.388888888889 156.5 9.290234112645502
1057.388888888889 156.5 11.542400118443762
1057.388888888889 156.5 13.910086344162064
1057.388888888889 156.5 16.416989389354214
1057.388888888889 156.5 19.08819918229571
1057.388888888889 156.5 21.95045008841893
1057.388888888889 156.5 25.032388476828103
1057.388888888889 156.5 28.364859422789696
1057.388888888889 156.5 31.981215415613068
1057.388888888889 156.5 35.9176501615736
1057.388888888889 156.5 40.21356082269026
1057.388888888889 156.5 44.911942316765
1057.388888888889 156.5 50.059817624971004
1057.388888888889 156.5 55.708708413653504
1057.388888888889 156.5 61.915150680483364
1057.388888888889 156.5 68.74126058572429
1057.388888888889 156.5 76.25535613164276
1057.388888888889 156.5 84.53264091203695
1057.388888888889 156.5 93.65595677508067
1057.388888888889 156.5 103.71661293238353
1057.388888888889 156.5 114.81529981227115
1057.388888888889 156.5 127.06309680343489
1057.388888888889 156.5 140.58258397478915
1057.388888888889 156.5 155.50906889800132
1057.388888888889 156.5 171.9919408511478
1057.388888888889 156.5 190.19616595682015
1057.388888888889 267.5 0.9986316718886763
1057.388888888889 267.5 3.005889657089987
1057.388888888889 267.5 5.043231596293858
1057.388888888889 267.5 7.131047892402115
1057.388888888889 267.5 9.290234112645502
1057.388888888889 267.5 11.542400118443762
1057.388888888889 267.5 13.910086344162064
1057.388888888889 267.5 16.416989389354214
1057.388888888889 267.5 19.08819918229571
1057.388888888889 267.5 21.95045008841893
1057.388888888889 267.5 25.032388476828103
1057.388888888889 267.5 28.364859422789696
1057.388888888889 267.5 31.981215415613068
1057.388888888889 267.5 35.9176501615736
1057.388888888889 267.5 40.21356082269026
1057.388888888889 267.5 44.911942316765
1057.388888888889 267.5 50.059817624971004
1057.388888888889 267.5 55.708708413653504
1057.388888888889 267.5 61.915150680483364
1057.388888888889 267.5 68.74126058572429
1057.388888888889 267.5 76.25535613164276
1057.388888888889 267.5 84.53264091203695
1057.388888888889 267.5 93.65595677508067
1057.388888888889 267.5 103.71661293238353
1057.388888888889 267.5 114.81529981227115
1057.388888888889 267.5 127.06309680343489
1057.388888888889 267.5 140.58258397478915
1057.388888888889 267.5 155.50906889800132
1057.388888888889 267.5 171.9919408511478
1057.388888888889 267.5 190.19616595682015
1057.388888888889 378.5 0.9986316718886763
1057.388888888889 378.5 3.005889657089987
1057.388888888889 378.5 5.043231596293858
1057.388888888889 378.5 7.131047892402115
1057.388888888889 378.5 9.290234112645502
1057.388888888889 378.5 11.542400118443762
1057.388888888889 378.5 13.910086344162064
1057.388888888889 378.5 16.416989389354214
1057.388888888889 378.5 19.08819918229571
1057.388888888889 378.5 21.95045008841893
1057.388888888889 378.5 25.032388476828103
1057.388888888889 378.5 28.364859422789696
1057.388888888889 378.5 31.981215415613068
1057.388888888889 378.5 35.9176501615736
1057.388888888889 378.5 40.21356082269026
1057.388888888889 378.5 44.911942316765
1057.388888888889 378.5 50.059817624971004
1057.388888888889 378.5 55.708708413653504
1057.388888888889 378.5 61.915150680483364
1057.388888888889 378.5 68.74126058572429
1057.388888888889 378.5 76.25535613164276
1057.388888888889 378.5 84.53264091203695
1057.388888888889 378.5 93.65595677508067
1057.388888888889 378.5 103.71661293238353
1057.388888888889 378.5 114.81529981227115
1057.388888888889 378.5 127.06309680343489
1057.388888888889 378.5 140.58258397478915
1057.388888888889 378.5 155.50906889800132
1057.388888888889 378.5 171.9919408511478
1057.388888888889 378.5 190.19616595682015
1057.388888888889 489.5 0.9986316718886763
1057.388888888889 489.5 3.005889657089987
1057.388888888889 489.5 5.043231596293858
1057.388888888889 489.5 7.131047892402115
1057.388888888889 489.5 9.290234112645502
1057.388888888889 489.5 11.542400118443762
1057.388888888889 489.5 13.910086344162064
1057.388888888889 489.5 16.416989389354214
1057.388888888889 489.5 19.08819918229571
1057.388888888889 489.5 21.95045008841893
1057.388888888889 489.5 25.032388476828103
1057.388888888889 489.5 28.364859422789696
1057.388888888889 489.5 31.981215415613068
1057.388888888889 489.5 35.9176501615736
1057.388888888889 489.5 40.21356082269026
1057.388888888889 489.5 44.911942316765
1057.388888888889 489.5 50.059817624971004
1057.388888888889 489.5 55.708708413653504
1057.388888888889 489.5 61.915150680483364
1057.388888888889 489.5 68.74126058572429
1057.388888888889 489.5 76.25535613164276
1057.388888888889 489.5 84.53264091203695
1057.388888888889 489.5 93.65595677508067
1057.388888888889 489.5 103.71661293238353
1057.388888888889 489.5 114.81529981227115
1057.388888888889 489.5 127.06309680343489
1057.388888888889 489.5 140.58258397478915
1057.388888888889 489.5 155.50906889800132
1057.388888888889 489.5 171.9919408511478
1057.388888888889 489.5 190.19616595682015
1057.388888888889 600.5 0.9986316718886763
1057.388888888889 600.5 3.005889657089987
1057.388888888889 600.5 5.043231596293858
1057.388888888889 600.5 7.131047892402115
1057.388888888889 600.5 9.290234112645502
1057.388888888889 600.5 11.542400118443762
1057.388888888889 600.5 13.910086344162064
1057.388888888889 600.5 16.416989389354214
1057.388888888889 600.5 19.08819918229571
1057.388888888889 600.5 21.95045008841893
1057.388888888889 600.5 25.032388476828103
1057.388888888889 600.5 28.364859422789696
1057.388888888889 600.5 31.981215415613068
1057.388888888889 600.5 35.9176501615736
1057.388888888889 600.5 40.21356082269026
1057.388888888889 600.5 44.911942316765
1057.388888888889 600.5 50.059817624971004
1057.388888888889 600.5 55.708708413653504
1057.388888888889 600.5 61.915150680483364
1057.388888888889 600.5 68.74126058572429
1057.388888888889 600.5 76.25535613164276
1057.388888888889 600.5 84.53264091203695
1057.388888888889 600.5 93.65595677508067
1057.388888888889 600.5 103.71661293238353
1057.388888888889 600.5 114.81529981227115
1057.388888888889 600.5 127.06309680343489
1057.388888888889 600.5 140.58258397478915
1057.388888888889 600.5 155.50906889800132
1057.388888888889 600.5 171.9919408511478
1057.388888888889 600.5 190.19616595682015
1057.388888888889 711.5 0.9986316718886763
1057.388888888889 711.5 3.005889657089987
1057.388888888889 711.5 5.043231596293858
1057.388888888889 711.5 7.131047892402115
1057.388888888889 711.5 9.290234112645502
1057.388888888889 711.5 11.542400118443762
1057.388888888889 711.5 13.910086344162064
1057.388888888889 711.5 16.416989389354214
1057.388888888889 711.5 19.08819918229571
1057.388888888889 711.5 21.95045008841893
1057.388888888889 711.5 25.032388476828103
1057.388888888889 711.5 28.364859422789696
1057.388888888889 711.5 31.981215415613068
1057.388888888889 711.5 35.9176501615736
1057.388888888889 711.5 40.21356082269026
1057.388888888889 711.5 44.911942316765
1057.388888888889 711.5 50.059817624971004
1057.388888888889 711.5 55.708708413653504
1057.388888888889 711.5 61.915150680483364
1057.388888888889 711.5 68.74126058572429
1057.388888888889 711.5 76.25535613164276
1057.388888888889 711.5 84.53264091203695
1057.388888888889 711.5 93.65595677508067
1057.388888888889 711.5 103.71661293238353
1057.388888888889 711.5 114.81529981227115
1057.388888888889 711.5 127.06309680343489
1057.388888888889 711.5 140.58258397478915
1057.388888888889 711.5 155.50906889800132
1057.388888888889 711.5 171.9919408511478
1057.388888888889 711.5 190.19616595682015
1057.388888888889 822.5 0.9986316718886763
1057.388888888889 822.5 3.005889657089987
1057.388888888889 822.5 5.043231596293858
1057.388888888889 822.5 7.131047892402115
1057.388888888889 822.5 9.290234112645502
1057.388888888889 822.5 11.542400118443762
1057.388888888889 822.5 13.910086344162064
1057.388888888889 822.5 16.416989389354214
1057.388888888889 822.5 19.08819918229571
1057.388888888889 822.5 21.95045008841893
1057.388888888889 822.5 25.032388476828103
1057.388888888889 822.5 28.364859422789696
1057.388888888889 822.5 31.981215415613068
1057.388888888889 822.5 35.9176501615736
1057.388888888889 822.5 40.21356082269026
1057.388888888889 822.5 44.911942316765
1057.388888888889 822.5 50.059817624971004
1057.388888888889 822.5 55.708708413653504
1057.388888888889 822.5 61.915150680483364
1057.388888888889 822.5 68.74126058572429
1057.388888888889 822.5 76.25535613164276
1057.388888888889 822.5 84.53264091203695
1057.388888888889 822.5 93.65595677508067
1057.388888888889 822.5 103.71661293238353
1057.388888888889 822.5 114.81529981227115
1057.388888888889 822.5 127.06309680343489
1057.388888888889 822.5 140.58258397478915
1057.388888888889 822.5 155.50906889800132
1057.388888888889 822.5 171.9919408511478
1057.388888888889 822.5 190.19616595682015
1057.388888888889 933.5 0.9986316718886763
1057.388888888889 933.5 3.005889657089987
1057.388888888889 933.5 5.043231596293858
1057.388888888889 933.5 7.131047892402115
1057.388888888889 933.5 9.290234112645502
1057.388888888889 933.5 11.542400118443762
1057.388888888889 933.5 13.910086344162064
1057.388888888889 933.5 16.416989389354214
1057.388888888889 933.5 19.08819918229571
1057.388888888889 933.5 21.95045008841893
1057.388888888889 933.5 25.032388476828103
1057.388888888889 933.5 28.364859422789696
1057.388888888889 933.5 31.981215415613068
1057.388888888889 933.5 35.9176501615736
1057.388888888889 933.5 40.21356082269026
1057.388888888889 933.5 44.911942316765
1057.388888888889 933.5 50.059817624971004
1057.388888888889 933.5 55.708708413653504
1057.388888888889 933.5 61.915150680483364
1057.388888888889 933.5 68.74126058572429
1057.388888888889 933.5 76.25535613164276
1057.388888888889 933.5 84.53264091203695
1057.388888888889 933.5 93.65595677508067
1057.388888888889 933.5 103.71661293238353
1057.388888888889 933.5 114.81529981227115
1057.388888888889 933.5 127.06309680343489
1057.388888888889 933.5 140.58258397478915
1057.388888888889 933.5 155.50906889800132
1057.388888888889 933.5 171.9919408511478
1057.388888888889 933.5 190.19616595682015
1057.388888888889 1044.5 0.9986316718886763
1057.388888888889 1044.5 3.005889657089987
1057.388888888889 1044.5 5.043231596293858
1057.388888888889 1044.5 7.131047892402115
1057.388888888889 1044.5 9.290234112645502
1057.388888888889 1044.5 11.542400118443762
1057.388888888889 1044.5 13.910086344162064
1057.388888888889 1044.5 16.416989389354214
1057.388888888889 1044.5 19.08819918229571
1057.388888888889 1044.5 21.95045008841893
1057.388888888889 1044.5 25.032388476828103
1057.388888888889 1044.5 28.364859422789696
1057.388888888889 1044.5 31.981215415613068
1057.388888888889 1044.5 35.9176501615736
1057.388888888889 1044.5 40.21356082269026
1057.388888888889 1044.5 44.911942316765
1057.388888888889 1044.5 50.059817624971004
1057.388888888889 1044.5 55.708708413653504
1057.388888888889 1044.5 61.915150680483364
1057.388888888889 1044.5 68.74126058572429
1057.388888888889 1044.5 76.25535613164276
1057.388888888889 1044.5 84.53264091203695
1057.388888888889 1044.5 93.65595677508067
1057.388888888889 1044.5 103.71661293238353
1057.388888888889 1044.5 114.81529981227115
1057.388888888889 1044.5 127.06309680343489
1057.388888888889 1044.5 140.58258397478915
1057.388888888889 1044.5 155.50906889800132
1057.388888888889 1044.5 171.9919408511478
1057.388888888889 1044.5 190.19616595682015
